id, peer id, current auc, best auc, best beta4,19,0.24377407180403257,0.24377407180403257,1.0
19,4,0.21680279471549802,0.2555988675874458,0.8
2,6,0.2090017591768753,0.21554638194971062,0.32
6,2,0.21947363542110682,0.243782162399716,0.84
13,16,0.21701982756463045,0.2263631883619189,0.92
16,13,0.15666094227457006,0.23728107897368841,0.28
3,11,0.264173122244162,0.264173122244162,1.0
11,3,0.13097330225979273,0.1951894451792499,0.84
8,10,0.176959790433908,0.2698320486049726,0.92
10,8,0.21917684975045432,0.26788956148428544,0.04
0,12,0.2168408511372614,0.22171746981831636,0.92
12,0,0.2350344360614495,0.24739535385232264,0.92
5,7,0.22129530928822652,0.22129530928822652,1.0
7,5,0.22967014745926834,0.24364289428177083,0.76
17,18,0.21998935200560582,0.24866437944875522,0.76
18,17,0.21687417603932935,0.2530886534386919,0.28
9,14,0.14955378117610327,0.24811712870969393,0.72
14,9,0.2348078338963314,0.26925258869104385,0.76
1,15,0.22029290281262598,0.23885939119520141,0.92
15,1,0.20998379821170415,0.23118203890287167,0.76
11,16,0.15772806627246955,0.22805272355562756,0.76
16,11,0.2154659193010154,0.2519011748759669,0.56
4,7,0.18513150007505763,0.2374503380476174,0.6
7,4,0.21503023920178282,0.23217606353194067,0.96
2,6,0.18911708365460567,0.2278879150898454,0.76
6,2,0.21106931063949155,0.24383990057172883,0.84
3,5,0.22216727152311497,0.24713925249912544,0.44
5,3,0.18046030467173818,0.22380708452963666,0.84
1,18,0.1805430162882335,0.24956202174498693,0.8
18,1,0.23195548798596954,0.24884547036179755,0.52
9,10,0.27005640532620834,0.27005640532620834,1.0
10,9,0.24718894459153717,0.2561769662987666,0.52
14,19,0.23372284819801648,0.2651550130297663,0.76
19,14,0.26016357081514135,0.2699074586076742,0.76
8,13,0.18592698441308084,0.2619624743665387,0.8
13,8,0.20904771668548058,0.23320494863381863,0.44
12,15,0.2624721777667588,0.2624721777667588,1.0
15,12,0.18311832082125185,0.22641357847026172,0.0
0,17,0.20760896249069805,0.2132423306314723,0.84
17,0,0.23478042321420153,0.26335307143679365,0.88
7,11,0.2230142833596768,0.23332820423837833,0.76
11,7,0.2313943338700486,0.2333102148529981,0.76
10,19,0.20868368841136758,0.2662058344661643,0.68
19,10,0.24820726243891666,0.26046123863208825,0.84
5,8,0.19297362487714761,0.23149073149146343,0.72
8,5,0.256015978177054,0.26877709808915473,0.8
4,14,0.23347142956563277,0.25101355764303757,0.6
14,4,0.25373637057562537,0.25373637057562537,1.0
9,12,0.20564146963615695,0.25889178842101934,0.36
12,9,0.25080577571738766,0.25080577571738766,1.0
16,18,0.22647598463976698,0.26864458634572863,0.0
18,16,0.23227602914468798,0.2529313769802709,0.0
2,13,0.21645913932674699,0.2238861061359266,0.96
13,2,0.1840570673048575,0.24159348893927576,0.92
3,6,0.2600244953973858,0.2600244953973858,1.0
6,3,0.2458067080064054,0.2458067080064054,1.0
1,17,0.23216559509761908,0.2528797581836359,0.72
17,1,0.26021001488829903,0.26430880271922763,0.88
0,15,0.1893930257044742,0.23161881000964568,0.8
15,0,0.19797535633567695,0.2150405424162531,0.8
5,11,0.2038074637268834,0.2263675099515134,0.76
11,5,0.21389065673230528,0.23960282612105233,0.68
7,16,0.19335282933605644,0.2365249748775992,0.8
16,7,0.2565801957175259,0.2654715590925864,0.96
1,14,0.20978348356955348,0.24313982047369675,0.84
14,1,0.22284827316167138,0.2457014796029605,0.48
10,18,0.23264419182256074,0.26224663263694037,0.4
18,10,0.24624083280263412,0.2548725039503955,0.28
3,8,0.22939472400428224,0.2592211236558598,0.88
8,3,0.23398873046629776,0.25490793650528953,0.6
6,13,0.2396642003750827,0.25161536604824514,0.96
13,6,0.19002157693264551,0.2316008074957884,0.8
2,12,0.20918697516244525,0.27960383241372744,0.44
12,2,0.24067514848223398,0.2519075688887096,0.52
4,9,0.2230573729224762,0.3058377665912789,0.24
9,4,0.2181271642899505,0.264931293005486,0.76
0,19,0.20981081357533996,0.22429065424608585,0.96
19,0,0.2494887560301296,0.25917906340535035,0.92
15,17,0.16120993382604962,0.21747512456353935,0.48
17,15,0.258828879903401,0.258828879903401,1.0
5,12,0.2010351456074281,0.2269366661096884,0.6
12,5,0.21095081793171047,0.26000453501787446,0.8
1,17,0.1931924135343234,0.31308109991023103,0.72
17,1,0.2787684012430775,0.2787684012430775,1.0
3,13,0.2410411301155789,0.24939743676550846,0.84
13,3,0.21927167492182034,0.23669918978764634,0.88
15,18,0.20394355379844917,0.2295626106089815,0.88
18,15,0.23559450645848634,0.25222733513712736,0.52
8,19,0.22219620702642576,0.25915858407322295,0.52
19,8,0.2527925406803706,0.2636764586174546,0.64
6,14,0.23205829454887955,0.2466745146313755,0.08
14,6,0.2471335515456194,0.25622641574409954,0.84
7,16,0.22755630232559598,0.23630982795250915,0.76
16,7,0.24030134635991426,0.2604537700235144,0.52
4,9,0.28102459646684685,0.3221361410568422,0.56
9,4,0.21163352454314568,0.2666657207815368,0.48
2,10,0.28289738615572796,0.3253374005382022,0.88
10,2,0.26129206557146245,0.26129206557146245,1.0
0,11,0.21172310198421238,0.23077788565862342,0.0
11,0,0.1910959840351691,0.23165077013529456,0.12
5,13,0.16900882404510081,0.23070663105398795,0.92
13,5,0.23277088040270658,0.2496898187198986,0.76
4,7,0.3190396384680855,0.34497356859889033,0.96
7,4,0.24165849175090287,0.27092542082884236,0.32
0,9,0.22559803091369268,0.23575720132512196,0.64
9,0,0.24519510671400524,0.2985338483073751,0.96
6,18,0.2576349525143743,0.2576349525143743,1.0
18,6,0.2301387029678649,0.25816397518347506,0.2
10,14,0.25526352190764734,0.26245735465569037,0.92
14,10,0.24074401079700047,0.24438300154787268,0.56
15,17,0.2386119748796161,0.2966793825860675,0.76
17,15,0.2562234554463426,0.3031717029642924,0.92
1,3,0.20983693846938842,0.26682492927748674,0.84
3,1,0.25734288174686365,0.25734288174686365,1.0
2,8,0.27027093848733097,0.27027093848733097,1.0
8,2,0.2478870606243429,0.2710526574795538,0.96
12,16,0.2477098821396798,0.253385740295475,0.92
16,12,0.26027901421565725,0.266142057379824,0.96
11,19,0.2587586898158317,0.3027266277122068,0.36
19,11,0.24673207991713114,0.2735272964016298,0.8
10,12,0.20176311080785397,0.3133210262458081,0.4
12,10,0.22131764399633144,0.26488645810588346,0.64
8,17,0.261138180982987,0.26880016435112897,0.64
17,8,0.33067700898103186,0.33067700898103186,1.0
0,1,0.2130158813426179,0.24092437114683415,0.68
1,0,0.2956019637210277,0.2956019637210277,1.0
4,18,0.2991435360176406,0.3522527132071039,0.84
18,4,0.24730233152353603,0.2558521098963674,0.68
14,19,0.2683383384523199,0.2683383384523199,1.0
19,14,0.21557330020317692,0.25866146109827126,0.8
2,7,0.26466758308676214,0.311491944319506,0.68
7,2,0.30485801229061316,0.30485801229061316,1.0
5,6,0.22420814500362388,0.22752823868772237,0.0
6,5,0.23679467956215708,0.24869180866092147,0.92
3,13,0.2427538276940035,0.25544381619047185,0.36
13,3,0.15963033213945055,0.2361708456534876,0.32
15,16,0.2225081086250614,0.27218949767240763,0.8
16,15,0.22075012851264458,0.2637100074061219,0.28
9,11,0.26330337245153734,0.2718527571937443,0.8
11,9,0.2498292882325157,0.30579088440532654,0.72
8,14,0.26877010237601323,0.337180670846038,0.68
14,8,0.21597185589075457,0.2636357470474521,0.28
1,2,0.23130990989347938,0.2581482409572021,0.96
2,1,0.2044994521873278,0.3182949050138914,0.96
15,17,0.27350981902635174,0.2953672644059769,0.88
17,15,0.2679873378060429,0.3121420633109418,0.92
12,16,0.295820102313452,0.3264228517748385,0.32
16,12,0.24553237338008427,0.26587258061504865,0.32
7,13,0.2970406042170882,0.2970406042170882,1.0
13,7,0.24264044094483678,0.279199367844732,0.72
10,19,0.24172190773600338,0.32540012732990686,0.92
19,10,0.2623826936101691,0.2688449448223125,0.84
3,9,0.25003558278279164,0.2766052659343378,0.92
9,3,0.2275483754433834,0.25605556702088766,0.84
5,6,0.17092265271929766,0.25876246491614896,0.76
6,5,0.23528875614819872,0.25512502934948544,0.24
4,11,0.24793781420346783,0.37263573924711907,0.68
11,4,0.13698713543148155,0.298192676528739,0.12
0,18,0.21378652852043242,0.21463075042666876,0.36
18,0,0.2536222184944418,0.2585557428108069,0.72
4,14,0.24557358826699066,0.3409512449621056,0.96
14,4,0.25328735414126063,0.2641177964534519,0.96
0,9,0.17613667438594155,0.2896963610955361,0.96
9,0,0.2344770438388219,0.27897388804173107,0.88
5,17,0.22392830279582215,0.22392830279582215,1.0
17,5,0.3832827881083767,0.3832827881083767,1.0
8,18,0.22530569579215132,0.32803787680767177,0.72
18,8,0.24899145326704622,0.25502503386798814,0.12
6,7,0.22823503391169808,0.29459751740378975,0.52
7,6,0.21484810538141508,0.3310895545248752,0.28
1,12,0.3039239064834104,0.32160760672900435,0.92
12,1,0.33043670369835454,0.4024563681306361,0.6
2,10,0.3083960280631338,0.3130393662302876,0.92
10,2,0.3054644006496502,0.316154649660414,0.6
16,19,0.23144809099493235,0.2641798272266911,0.48
19,16,0.2613809359258423,0.2963718464805653,0.92
13,15,0.23140939256442508,0.24061983765940748,0.12
15,13,0.24798906768900758,0.314688095250263,0.8
3,11,0.25352472726225417,0.2756443407946466,0.92
11,3,0.2034077122893181,0.3428404953068208,0.92
1,10,0.328286918226979,0.328286918226979,1.0
10,1,0.2747583893935318,0.3204567633266834,0.96
15,18,0.2750564798570415,0.32306745894175815,0.96
18,15,0.23520409668151307,0.28500095976099654,0.16
7,12,0.3346430119792934,0.33885328998747427,0.88
12,7,0.2716352018151658,0.38819751951932624,0.8
11,19,0.2918705785354467,0.3704704164266979,0.96
19,11,0.36706839112751327,0.36706839112751327,1.0
5,9,0.21673168280810956,0.22712942621295756,0.4
9,5,0.2386069322868801,0.2931082374087012,0.96
2,13,0.23756568022551477,0.3188305937782752,0.92
13,2,0.22244908845343175,0.329319105585569,0.76
3,17,0.2626943297225181,0.2660550880583351,0.72
17,3,0.2828931728879794,0.35270007512429336,0.92
0,4,0.2157649390953515,0.305805384219128,0.48
4,0,0.3342692110805431,0.41221340518535055,0.8
14,16,0.24819869191356947,0.2828134918083786,0.52
16,14,0.21307629217760887,0.28484157635904583,0.96
6,8,0.2558806186179569,0.32586474060049625,0.96
8,6,0.2772639857077887,0.33177154724578006,0.8
0,10,0.23144703417567203,0.3213254091840773,0.84
10,0,0.30764500838669295,0.30764500838669295,1.0
6,16,0.23894974175016365,0.31986197201240935,0.8
16,6,0.25017166885047765,0.25931545293577674,0.76
3,7,0.2393049632093674,0.3137219697769688,0.96
7,3,0.2321781500669784,0.3362680649509421,0.72
9,18,0.3242359986300237,0.3242359986300237,1.0
18,9,0.323362653610162,0.3675287653715617,0.96
1,15,0.3617844498486183,0.42761876363945106,0.72
15,1,0.42111102966576197,0.42111102966576197,1.0
12,19,0.2751606174080262,0.4013759407937389,0.84
19,12,0.2302642411719022,0.31640700096741525,0.88
4,17,0.2641445963382216,0.3301946951502154,0.52
17,4,0.34861747819433847,0.34861747819433847,1.0
11,14,0.27033428139388416,0.4237496416100952,0.88
14,11,0.2694335189665559,0.2694335189665559,1.0
5,13,0.3091091941011321,0.3091091941011321,1.0
13,5,0.22187806268265214,0.3149679943942603,0.96
2,8,0.3503751669399694,0.35573132174915967,0.92
8,2,0.2986596929629407,0.32257414276159785,0.96
3,9,0.2579709041242839,0.3028151552314213,0.92
9,3,0.2591067430354798,0.29304163846374953,0.92
4,16,0.25440161868259803,0.3454780665956211,0.8
16,4,0.27465622289603087,0.2993440387989418,0.2
8,11,0.2532629390005855,0.32086847948737535,0.88
11,8,0.22485058826030152,0.35559322767382395,0.88
0,2,0.2483500224046841,0.3240840428782464,0.8
2,0,0.32861319498805325,0.32861319498805325,1.0
1,12,0.30042025922570953,0.48338359017672206,0.68
12,1,0.34264025541858645,0.42093876239807615,0.84
14,19,0.24110472702288638,0.30535050592431573,0.52
19,14,0.30202359939321116,0.3412477054597717,0.88
6,15,0.24635097984379012,0.3315714700273955,0.88
15,6,0.34362254960521105,0.34362254960521105,1.0
10,13,0.2570051197183999,0.31078329244172387,0.68
13,10,0.2257311654708615,0.29177406933404326,0.72
5,17,0.33350293563911554,0.33350293563911554,1.0
17,5,0.33934438648149373,0.33934438648149373,1.0
7,18,0.31319902042641506,0.3329857902194055,0.72
18,7,0.23941856019797253,0.2907707795433293,0.8
1,3,0.40393927058314427,0.42297991015193476,0.8
3,1,0.25573308597588423,0.29690259865483826,0.96
7,12,0.33798089828073796,0.3430410846064472,0.56
12,7,0.35303422661204564,0.41633396618919416,0.88
6,18,0.23382237113089016,0.28570718340594226,0.84
18,6,0.2517194383027928,0.3213945796944918,0.72
11,17,0.25823098719824417,0.3634062483793617,0.56
17,11,0.3402906272136018,0.39059399738754486,0.88
13,15,0.2523043838169578,0.39068119227317066,0.4
15,13,0.2924883525944297,0.3722382569205062,0.72
2,5,0.323271531122974,0.38042927776668467,0.96
5,2,0.31449677994507297,0.31449677994507297,1.0
8,14,0.28908765375118745,0.358760891987557,0.84
14,8,0.33717698071173413,0.3698429042585354,0.88
0,9,0.31323409682248426,0.40396772455680363,0.6
9,0,0.2920908847299303,0.350008970150466,0.8
4,10,0.2741952344092007,0.3414423660265459,0.76
10,4,0.22514876329896896,0.3333935643767935,0.92
16,19,0.3373827864545252,0.3838665534423602,0.96
19,16,0.346863613962373,0.40885832725724836,0.8
6,7,0.216428645460763,0.3710567562633569,0.56
7,6,0.2544196806655666,0.34639673308497054,0.2
3,12,0.2954371353272704,0.3119860367760801,0.96
12,3,0.40868032754941874,0.46972601765735406,0.88
11,13,0.2519599730370267,0.37084430532377033,0.84
13,11,0.24877145415815782,0.3046579062875906,0.96
0,8,0.28535296095417867,0.3204893392916973,0.92
8,0,0.28398916553255715,0.36561899768473605,0.72
1,15,0.3289464743860165,0.4376532168638437,0.96
15,1,0.30112262572956255,0.32832642868271633,0.92
5,9,0.26897648261404156,0.34074337815653855,0.92
9,5,0.3113308488540928,0.3416741487605979,0.8
2,14,0.3076664365825643,0.41679007144791685,0.96
14,2,0.28970793372781556,0.37214479341934237,0.76
17,19,0.3380435334345145,0.40799957371437506,0.92
19,17,0.32223221609720815,0.37989113181118933,0.92
4,10,0.3126032445893951,0.393356005067641,0.76
10,4,0.33292759060693766,0.33292759060693766,1.0
16,18,0.3318817095641883,0.3318817095641883,1.0
18,16,0.2277307042234406,0.38662051438709255,0.92
3,17,0.3183450486714182,0.36456330126256253,0.84
17,3,0.3203608510771769,0.4858247217493224,0.84
0,15,0.3249971746762237,0.37344616110849554,0.92
15,0,0.45646334023525414,0.4811097439160904,0.88
4,5,0.3324968235449654,0.3822571261742299,0.72
5,4,0.27574428524169303,0.31755485482021223,0.84
12,13,0.4539565629524451,0.45421687810966,0.96
13,12,0.3696466826506348,0.41519439789728796,0.88
9,10,0.3544358833087404,0.3650034007860564,0.72
10,9,0.3246658656017022,0.4214143891999164,0.72
14,18,0.3038509731604106,0.3196665024471145,0.96
18,14,0.2638939707432434,0.3321281768243928,0.64
8,11,0.392792220840525,0.392792220840525,1.0
11,8,0.3073865591574597,0.491731588878266,0.96
2,6,0.4127048925048567,0.4350713905243726,0.88
6,2,0.3104905225794572,0.41675709839892594,0.88
1,7,0.44072544039072153,0.4696259438567464,0.48
7,1,0.2264339112702889,0.37930961681944214,0.0
16,19,0.2574123575061341,0.35648699303587605,0.92
19,16,0.3315590028756192,0.3315590028756192,1.0
5,19,0.32423202743718205,0.3930545181064006,0.96
19,5,0.3829611306674775,0.39272104958212595,0.92
17,18,0.31317298013587724,0.36609252043348955,0.84
18,17,0.33715789923953415,0.37726638046613026,0.88
4,16,0.3468613644921786,0.4080047288565697,0.88
16,4,0.25070594878310326,0.41655475157470007,0.52
14,15,0.36807209172122346,0.36807209172122346,1.0
15,14,0.2964447359849098,0.4947626753792019,0.76
6,8,0.4110691519234013,0.41957868911381996,0.68
8,6,0.3630597820694335,0.47431465968983977,0.8
9,11,0.40216413949678387,0.4097269015248828,0.68
11,9,0.36962160241920483,0.39607646554700937,0.84
2,7,0.3865573917210621,0.5208740587263435,0.96
7,2,0.407570796926181,0.5302875259597836,0.84
10,12,0.3428664788107275,0.47530089498790423,0.08
12,10,0.48003197442177586,0.4864968091999066,0.84
1,13,0.4463773466488933,0.5527748871202547,0.76
13,1,0.3094471380223198,0.49541687398774936,0.56
0,3,0.3627686039306962,0.36566531943605984,0.72
3,0,0.32611130032846597,0.3623860056280793,0.88
8,17,0.2541906216476189,0.4154793942685643,0.92
17,8,0.2509194353077469,0.39920303990251405,0.96
3,7,0.37261152783705,0.37261152783705,1.0
7,3,0.3649156077524028,0.4378736016005697,0.72
1,19,0.5896434817001255,0.5896434817001255,1.0
19,1,0.3454294360376043,0.501184316947402,0.84
6,18,0.4475822883058836,0.48546202251980286,0.84
18,6,0.24909213599967103,0.46081994667963055,0.52
9,16,0.3393054900261888,0.49140546730002876,0.6
16,9,0.3612473627096218,0.47045302447892645,0.72
0,13,0.37471359780820274,0.37471359780820274,1.0
13,0,0.4868927184613259,0.4868927184613259,1.0
4,5,0.3458704578552295,0.4161809242697353,0.92
5,4,0.3401779198283495,0.39691397311318244,0.92
12,15,0.42513709148617285,0.42620605692358726,0.88
15,12,0.38668836782798277,0.44632587365001875,0.92
2,14,0.4382735356288654,0.5294018710380308,0.92
14,2,0.33493977329589814,0.3353430381184003,0.96
10,11,0.3616614762511369,0.4940283958271118,0.96
11,10,0.45224235731637535,0.45224235731637535,1.0
3,12,0.33268703377642284,0.38937388237737947,0.84
12,3,0.5266194670008117,0.5883030484964045,0.92
7,11,0.41649286678337827,0.4452688938304982,0.6
11,7,0.4424964670724417,0.5792879493182863,0.96
2,19,0.34880323955729253,0.4814318783891278,0.96
19,2,0.42228786187928824,0.42228786187928824,1.0
1,18,0.5776437927163677,0.5776437927163677,1.0
18,1,0.3631258791579045,0.5343314070310327,0.68
6,14,0.39522970779358657,0.42276814359842396,0.76
14,6,0.4596689604671139,0.4596689604671139,1.0
4,15,0.3661828580598073,0.4327831269326509,0.76
15,4,0.33219147536139015,0.434642756471309,0.72
9,10,0.36756662252554423,0.5187869582779807,0.76
10,9,0.366442455624205,0.5365044824567589,0.64
13,17,0.5304892141974111,0.5304892141974111,1.0
17,13,0.3222987860412258,0.4174530971052044,0.6
8,16,0.3375713277178771,0.500324228014905,0.96
16,8,0.43068068435898965,0.43068068435898965,1.0
0,5,0.32690221143984016,0.38527609467027013,0.8
5,0,0.3257805078701631,0.44156577195056396,0.76
8,15,0.24310137805376048,0.5151689032829234,0.72
15,8,0.25107221538532387,0.5038248497346542,0.76
3,19,0.3080770438036244,0.4236794015190454,0.36
19,3,0.3727272224061658,0.5235779793305262,0.08
4,16,0.43897496472506725,0.43897496472506725,1.0
16,4,0.3815542252732749,0.5215881938344882,0.64
2,14,0.4241432676625491,0.5119191934502737,0.88
14,2,0.42513305931027634,0.46755385223755885,0.68
1,6,0.4364948283877391,0.6234970378194267,0.84
6,1,0.25092932928393946,0.5337715305137469,0.44
5,13,0.36144115208150585,0.4636482318645479,0.08
13,5,0.3722414681218281,0.5019140705805846,0.68
0,7,0.3246933805707734,0.4259527929276611,0.64
7,0,0.33312325794561504,0.4377035209213436,0.52
12,17,0.463540196183562,0.5748245732184551,0.92
17,12,0.47686449784177654,0.47686449784177654,1.0
10,18,0.5346432653968977,0.5346432653968977,1.0
18,10,0.31957605169860076,0.6200742337271103,0.52
9,11,0.40180788195180683,0.5838473744408159,0.88
11,9,0.37182978959644675,0.4679881109514679,0.84
12,14,0.4658124220233292,0.4751629816320387,0.84
14,12,0.31628628645440215,0.4856051479575762,0.64
3,7,0.3378407800434521,0.40097399449592325,0.64
7,3,0.38866399844041777,0.4480029456712102,0.72
1,8,0.5983655550130145,0.5983655550130145,1.0
8,1,0.35892728163607973,0.5225853355348538,0.84
2,11,0.2965701003033576,0.5041281659101717,0.6
11,2,0.38241497863984864,0.5094946528516926,0.76
13,17,0.5329206546712945,0.5329206546712945,1.0
17,13,0.35707518857766374,0.4995952501161862,0.68
0,4,0.4119317549227125,0.4464589052980368,0.84
4,0,0.3527468906599646,0.44160766879266317,0.92
5,18,0.536393351894843,0.5630604711040241,0.88
18,5,0.40936034134022387,0.5325788334098535,0.8
6,19,0.339693800660917,0.5858848422976173,0.72
19,6,0.31204670116390415,0.4360912790403404,0.76
10,15,0.5121659089771162,0.5121659089771162,1.0
15,10,0.3365212902429808,0.5587609263934659,0.92
9,16,0.5255330697615165,0.5255330697615165,1.0
16,9,0.4121472631555001,0.4306988832586437,0.52
0,8,0.42640482110711275,0.48758978945969744,0.96
8,0,0.27476302744409914,0.4764901443747189,0.68
1,15,0.413987330732495,0.5799212401827358,0.92
15,1,0.4489633567336188,0.5365153281802472,0.88
4,14,0.40474874150647633,0.45974263216024197,0.6
14,4,0.4087931449326456,0.5114216614929501,0.36
2,11,0.4804490776272286,0.5580685941984281,0.64
11,2,0.2629242729470661,0.5559420403033024,0.92
3,9,0.35108523391809776,0.4249852074930091,0.76
9,3,0.46751270978454745,0.5203978449362093,0.64
6,19,0.39668357633128565,0.5734788713403942,0.88
19,6,0.5256545763033696,0.5256545763033696,1.0
10,18,0.4084116617420608,0.5482310142197921,0.64
18,10,0.3409207557227768,0.635725351887765,0.64
7,13,0.3678476715280072,0.45637139062001164,0.84
13,7,0.25638856516610764,0.5337844784861026,0.72
5,17,0.45348127622034173,0.5427477873259302,0.68
17,5,0.5375756035189803,0.5375756035189803,1.0
12,16,0.49910927736033167,0.5681207398395085,0.72
16,12,0.4845503837078066,0.49307500916051905,0.76
1,14,0.46748016374912227,0.5746476597360047,0.84
14,1,0.5230390375635572,0.5550344176448825,0.64
7,11,0.4084443349197538,0.42002643836583653,0.48
11,7,0.5285251476465118,0.6595265805075399,0.0
5,17,0.492964106526052,0.6297246228563207,0.8
17,5,0.4248467484444841,0.479804837243328,0.68
3,19,0.3288057761335116,0.44362039177799,0.28
19,3,0.3486476929714961,0.6045928122321105,0.4
2,13,0.45875188864891403,0.5955162664088702,0.72
13,2,0.4342706367818148,0.48294955134170053,0.76
10,12,0.5152116527506483,0.5514586562405426,0.76
12,10,0.43951643150724634,0.5148489357110518,0.64
4,15,0.41513114350896546,0.4628087973468138,0.36
15,4,0.5340887324425257,0.5362671736772163,0.8
6,8,0.5097332284227004,0.5470889084113533,0.96
8,6,0.4538220043997655,0.5221777894291796,0.76
0,16,0.46733123139171057,0.48420849582897835,0.8
16,0,0.5245901264844459,0.5245901264844459,1.0
9,18,0.37811897209933654,0.4795360425524633,0.84
18,9,0.49712441834792787,0.5462949412835917,0.96
0,5,0.3756253784665442,0.5366239379912563,0.96
5,0,0.703274037937593,0.703274037937593,1.0
10,17,0.443591339434139,0.5176316641726069,0.72
17,10,0.43800871222927434,0.5640908947320533,0.64
3,19,0.4687737150791135,0.4915105597783831,0.32
19,3,0.3542568512585923,0.500109787051856,0.4
1,4,0.5029433074177876,0.5779168457618544,0.56
4,1,0.44721918335123806,0.512790747807388,0.6
7,8,0.4318095208334369,0.5544784950843611,0.8
8,7,0.4422928704697272,0.5930038875594704,0.76
11,16,0.5303800349348965,0.550510849506119,0.64
16,11,0.3762711710485765,0.45584105481243997,0.88
13,14,0.39933251278400617,0.5900986731281577,0.92
14,13,0.44615201279108785,0.5202078284392524,0.36
2,9,0.4775693448625068,0.563780299633782,0.48
9,2,0.43463647904579156,0.46996282892160135,0.88
6,12,0.41454935282333016,0.6171618113644854,0.72
12,6,0.6158450520636911,0.6158450520636911,1.0
15,18,0.4551544584788448,0.648303895807342,0.84
18,15,0.39476688228481793,0.5601248360296187,0.56
13,15,0.35971215540521745,0.5862493265270302,0.84
15,13,0.4130668504813462,0.5218208181261621,0.84
5,12,0.40428137422636085,0.6052849245783151,0.72
12,5,0.4460228916867631,0.6353872145811309,0.72
4,18,0.5139601736409463,0.5139601736409463,1.0
18,4,0.5276502411497064,0.5604827607923429,0.6
16,19,0.43603369283994836,0.542218896678087,0.72
19,16,0.4684448009486112,0.4918401914958096,0.88
2,11,0.6145154824213783,0.6604888931334048,0.72
11,2,0.5220568577644282,0.6429311929423962,0.88
6,9,0.5502086836598267,0.5667380556224654,0.72
9,6,0.3894162915779174,0.522731747070998,0.84
8,14,0.4168317102861283,0.546683696062304,0.76
14,8,0.41503237805513216,0.5573517678759844,0.8
3,17,0.4890290841716478,0.4890290841716478,1.0
17,3,0.5238241865428508,0.5325614937481797,0.88
7,10,0.378301875277523,0.575811504972019,0.84
10,7,0.4793576891214057,0.5026569369398894,0.96
0,1,0.4784152342278036,0.5376750064819893,0.88
1,0,0.5519013181361629,0.5619377740374617,0.92
2,14,0.5015361316164095,0.6185181430282388,0.76
14,2,0.49074512588069946,0.49074512588069946,1.0
1,19,0.5606114842849635,0.6820849245751468,0.68
19,1,0.5076487665168448,0.5634108149410213,0.96
3,17,0.3827629067279795,0.5129054574677572,0.8
17,3,0.3880348175734499,0.5457250310446533,0.72
0,13,0.4124815410697938,0.5961540703333655,0.48
13,0,0.4554150292243981,0.5675306752102147,0.52
9,18,0.43154995047619504,0.4902523449682312,0.88
18,9,0.4620881774120992,0.5623680572083228,0.84
7,10,0.5542908689785566,0.5542908689785566,1.0
10,7,0.4698927668252619,0.5965794370132861,0.76
4,15,0.5118817496930741,0.5738218210010835,0.8
15,4,0.5982256711322145,0.6092093003702106,0.88
8,11,0.5663737576040645,0.6328013042590803,0.68
11,8,0.45173818610258154,0.6981981299662523,0.6
12,16,0.565654294741198,0.595312303181774,0.68
16,12,0.3387543093271761,0.5478314302872148,0.96
5,6,0.30972702059995855,0.6133063337228267,0.8
6,5,0.5678107461261719,0.6486380670907602,0.84
13,17,0.4811844477260204,0.5981536615707415,0.96
17,13,0.4657014965069097,0.5750209253566387,0.48
5,12,0.46877165542562854,0.6315289265224948,0.8
12,5,0.49101509771138974,0.7444848936548588,0.88
14,16,0.5220290556079493,0.5846268360533111,0.32
16,14,0.38940577446568325,0.6074277931192806,0.88
1,19,0.4290419210066577,0.5849502561376819,0.76
19,1,0.6240584725178803,0.6265997067579027,0.68
8,9,0.4197067905108091,0.6844103109628651,0.76
9,8,0.40335283182296583,0.5907616219841361,0.88
0,4,0.3885403502974475,0.6058753143652401,0.92
4,0,0.4901725734499913,0.5313900072845643,0.68
2,7,0.5805865543040053,0.5805865543040053,1.0
7,2,0.4296756642304052,0.5411525520484302,0.8
6,10,0.43007978305706,0.6945443986229993,0.88
10,6,0.5109756909840124,0.6277878376497563,0.6
15,18,0.3534942718925962,0.5899197804192229,0.32
18,15,0.5301078761692417,0.7278180249934215,0.72
3,11,0.43806911575310464,0.6322217508561934,0.84
11,3,0.6097267770025034,0.6902750739390415,0.92
8,12,0.5531682564990893,0.6933310885149413,0.92
12,8,0.5728151342413386,0.6927248914889973,0.72
1,5,0.4896302655768663,0.6246939861510659,0.96
5,1,0.6478609406433171,0.7380763197228164,0.8
2,14,0.6104561750167037,0.6104561750167037,1.0
14,2,0.4494198050081225,0.6082153326567432,0.92
6,13,0.49771829428202724,0.6304167879899449,0.76
13,6,0.4703167073458253,0.6705401354547286,0.72
11,19,0.6425871751533195,0.7286180652956216,0.12
19,11,0.490832531758257,0.5699292703889929,0.64
0,4,0.43308179392048884,0.6749631718495449,0.44
4,0,0.6005200688024405,0.6005200688024405,1.0
3,10,0.5367063363021798,0.6479033841502199,0.68
10,3,0.4752237847413622,0.6869802523839117,0.52
15,16,0.5928296335467176,0.5928296335467176,1.0
16,15,0.3774378419702381,0.4937337510445188,0.72
17,18,0.6513827179981379,0.6513827179981379,1.0
18,17,0.6698553646844237,0.6820685627130569,0.96
7,9,0.43284419794437634,0.5954874219480498,0.6
9,7,0.5046485123327573,0.5937293143577697,0.76
10,19,0.5332977620844501,0.6209309877775732,0.52
19,10,0.5806605989112925,0.6333507642867935,0.76
11,13,0.5527975802699654,0.6016340954718735,0.92
13,11,0.5503903486537579,0.6818349453326187,0.84
1,16,0.5854333141352697,0.6881501156856309,0.72
16,1,0.5179673829294501,0.6063557724955244,0.8
14,18,0.5564293115914208,0.6050949399528747,0.96
18,14,0.5080673855742284,0.6809087382948574,0.6
0,9,0.6919416997619885,0.6919416997619885,1.0
9,0,0.5901795910118883,0.5992227642067562,0.76
5,15,0.6142039116355227,0.6142039116355227,1.0
15,5,0.4755136118829859,0.5724099365699272,0.52
7,8,0.5330736939696054,0.6084726430849292,0.52
8,7,0.5129443789586556,0.7015915957951259,0.96
4,12,0.5713535140264974,0.6263115102272161,0.96
12,4,0.49661871108169897,0.608984961201958,0.72
2,3,0.44098692656239347,0.6773528579209422,0.96
3,2,0.4980507939036759,0.748886623105733,0.96
6,17,0.6732875767182219,0.7535737634843174,0.68
17,6,0.31897773261184736,0.5548289430083788,0.84
15,17,0.6234412453354766,0.6565915753837961,0.64
17,15,0.4936904982728413,0.6644065603705328,0.68
10,18,0.7491971845481207,0.7491971845481207,1.0
18,10,0.6029233998188,0.6760150896395928,0.76
3,13,0.4622042648764665,0.6698254504549025,0.72
13,3,0.4386662745133493,0.6941832029703912,0.84
4,6,0.41962928203239136,0.5708173823241339,0.84
6,4,0.7253131107572748,0.7253131107572748,1.0
11,16,0.6009131510340218,0.6009131510340218,1.0
16,11,0.5148868862818354,0.5434490853995236,0.64
2,8,0.5829661609444667,0.6745813160132866,0.64
8,2,0.5675592304359366,0.6338365741190394,0.96
0,5,0.5280423396067011,0.6349927449684737,0.6
5,0,0.5750844946827176,0.7189047893533825,0.72
7,19,0.5403359762892023,0.6461295025925544,0.52
19,7,0.4511052682449826,0.6420425984835196,0.2
12,14,0.5331138241370437,0.6654562002655043,0.84
14,12,0.5500246542052769,0.6512101090593727,0.52
1,9,0.6116501615924278,0.7328826921923001,0.36
9,1,0.5202567164328429,0.637341677716541,0.6
14,18,0.5194673529242184,0.6552031551034988,0.88
18,14,0.5945311228631636,0.7203855738845235,0.88
11,15,0.5076094626979287,0.7068446423201764,0.84
15,11,0.36331752310091564,0.5538389062187227,0.76
2,12,0.6178920745401063,0.6725807381784291,0.24
12,2,0.6730345632961781,0.6730345632961781,1.0
9,17,0.5199886285043146,0.6514267039954854,0.64
17,9,0.48404675876074704,0.6493913424727619,0.44
4,16,0.3422963917548524,0.6109667081379638,0.4
16,4,0.4854648709498881,0.6346720090544328,0.48
5,19,0.5549917565717832,0.6881628030716131,0.84
19,5,0.5204707048388652,0.6286968523772715,0.92
3,13,0.3699041946621399,0.6909353350564116,0.88
13,3,0.6005323976101589,0.6495040065620812,0.8
0,10,0.47246979851000576,0.6227035443666789,0.88
10,0,0.5591374697521869,0.6834811809508998,0.84
1,7,0.41750516439296365,0.650280072929441,0.84
7,1,0.5577064967586668,0.6800121476237831,0.64
6,8,0.6018819366874635,0.6743722654417763,0.96
8,6,0.5956725803171525,0.7652312840550446,0.64
14,15,0.5515323150788544,0.6936286294494328,0.68
15,14,0.4747713572851996,0.6559705053592948,0.88
0,12,0.6430993405555119,0.7292432638024535,0.84
12,0,0.460570213874598,0.662162480577161,0.92
6,10,0.5692763525525141,0.6589251364074336,0.68
10,6,0.5437986945049865,0.748673978001193,0.84
4,9,0.4919547997670217,0.6165377293450578,0.48
9,4,0.4052550551693577,0.6812316880160786,0.6
2,19,0.5709527559462876,0.6332217347898068,0.72
19,2,0.496651400070546,0.7174726022627758,0.48
1,11,0.5522171517273121,0.6749215572344233,0.92
11,1,0.7626300948918415,0.7626300948918415,1.0
13,17,0.31691645467384766,0.5941197161586687,0.92
17,13,0.6614073009045421,0.6614073009045421,1.0
5,16,0.7324577398686404,0.7324577398686404,1.0
16,5,0.496404113679194,0.6422655093643211,0.96
7,8,0.5280602031591763,0.6242943148261434,0.96
8,7,0.5189150877100026,0.7973006821950749,0.84
3,18,0.5598546698141552,0.6089730167240929,0.88
18,3,0.5972581721135727,0.7695302589582729,0.52
18,19,0.5519000363464508,0.6858448556947732,0.84
19,18,0.6555237919029129,0.6555237919029129,1.0
2,3,0.5111141010293467,0.7493878155866478,0.76
3,2,0.37655202741615335,0.6658952443688831,0.84
0,4,0.5944191335218767,0.7999236625456339,0.56
4,0,0.5605065019384217,0.5993977650142954,0.96
9,11,0.4902679391866256,0.6710288519254085,0.44
11,9,0.637223445888915,0.7101010635868196,0.88
6,7,0.6015998450907029,0.6982255180705113,0.92
7,6,0.4106532734658396,0.6858762359261477,0.84
10,17,0.525896946907879,0.6799535387866184,0.8
17,10,0.5308885001801624,0.6664122584472731,0.56
5,15,0.582342593734978,0.6879743849938448,0.92
15,5,0.4729442434923775,0.7092221022201588,0.96
12,16,0.6945769847734844,0.7196377727007505,0.76
16,12,0.5750068827914753,0.5825634611062248,0.84
1,8,0.5648077002875274,0.7209330047341783,0.68
8,1,0.500463309756388,0.6913175719381297,0.8
13,14,0.537026866808229,0.6696174853696066,0.68
14,13,0.5330783721691892,0.692361279264566,0.76
4,11,0.5967792449293841,0.6042886724985078,0.4
11,4,0.7547840553202124,0.7547840553202124,1.0
16,18,0.34113702891220704,0.7096079152610884,0.68
18,16,0.6250245537578097,0.7190821278840978,0.76
5,6,0.6572464068721152,0.7424060446578183,0.84
6,5,0.6542950384984016,0.7743830895571353,0.84
1,3,0.5287405785323103,0.6771886882381735,0.88
3,1,0.5390354717434336,0.7332378614275112,0.84
12,19,0.4904695126942217,0.6169657808754041,0.6
19,12,0.6211010679984532,0.6726322272954646,0.88
13,17,0.6704139406213326,0.7040531739557523,0.92
17,13,0.4081648487754334,0.6319500385515318,0.28
7,14,0.6729954533537452,0.7818429461889872,0.72
14,7,0.5023654686300199,0.6787273926003188,0.52
0,8,0.6254457479195149,0.7474729538082565,0.84
8,0,0.6264926231891635,0.6411790915305478,0.92
10,15,0.5451865994001535,0.7110707561076653,0.92
15,10,0.46761248023078483,0.7033733864364612,0.16
2,9,0.5289023579973302,0.7759176890710651,0.76
9,2,0.6008216204976293,0.7366998613782566,0.96
5,17,0.6847651342105238,0.7130719146546056,0.64
17,5,0.6030404694443553,0.6030404694443553,1.0
7,14,0.5927013201753379,0.5927013201753379,1.0
14,7,0.543634597876286,0.6286779709547358,0.48
1,4,0.48664578590107793,0.7180687160361845,0.0
4,1,0.6393120308006843,0.6393120308006843,1.0
9,11,0.4756592614781267,0.7386548436695545,0.72
11,9,0.6127318341977457,0.6468710667374495,0.96
8,13,0.5265894368458836,0.7374393859365485,0.64
13,8,0.5446247438819685,0.7126755185133191,0.72
0,18,0.7315591906347448,0.8049865164604222,0.96
18,0,0.7745775377272682,0.7745775377272682,1.0
2,10,0.5789459112809522,0.6688629555313952,0.92
10,2,0.431460547033354,0.7710816094211621,0.92
6,12,0.399449360722013,0.6274793470818267,0.96
12,6,0.49227259620058356,0.7251480861950756,0.92
15,16,0.48642448587269504,0.7142448085510786,0.56
16,15,0.6083621669815953,0.6282547322677808,0.6
3,19,0.5088291605054611,0.7023939803494856,0.6
19,3,0.5961032061753448,0.7003586389498524,0.28
6,7,0.7148583587088124,0.7518644601253409,0.72
7,6,0.4897040907616523,0.6461376897382656,0.68
14,16,0.7630435810507992,0.7630435810507992,1.0
16,14,0.4917432372419939,0.6877007609922611,0.88
4,13,0.5133871810070331,0.5978672847675812,0.96
13,4,0.5981625297672448,0.7197684387001263,0.92
12,19,0.6467797936310118,0.6467797936310118,1.0
19,12,0.42667868578261103,0.6274853470286923,0.96
0,11,0.6235593898648718,0.8162533678125963,0.24
11,0,0.6830081587137168,0.802071833703159,0.84
1,8,0.605975419619272,0.7289914318049642,0.4
8,1,0.6122618128451961,0.7443546719931889,0.6
9,10,0.6033445761352535,0.6689599571068221,0.88
10,9,0.586187633001732,0.7378401878745102,0.64
2,18,0.6569023198767007,0.7841569546865952,0.52
18,2,0.5155384928621417,0.6752130581190368,0.8
3,15,0.6193338392948402,0.6441065831216048,0.88
15,3,0.5622380868113639,0.6606024140944781,0.8
5,17,0.5872347767080035,0.7343821917499648,0.92
17,5,0.5900309421372422,0.6819114710846097,0.92
6,8,0.49712152923288233,0.7135881391539758,0.76
8,6,0.5228553315566463,0.7098008613056502,0.88
13,18,0.49780951916825755,0.6826319043195979,0.76
18,13,0.6156952976543837,0.6339434714920072,0.24
9,17,0.7198645858335666,0.7198645858335666,1.0
17,9,0.41651865004269684,0.6784969169727838,0.4
3,10,0.4600223736526511,0.7040827281520918,0.52
10,3,0.5279134959218855,0.7809773375757114,0.88
12,14,0.5606796816924926,0.6421317331355378,0.84
14,12,0.6618326692118637,0.7444802386321097,0.92
4,11,0.31078567042176897,0.5630475430109135,0.64
11,4,0.5354593032113187,0.7396385647065665,0.96
2,15,0.5646718307349272,0.7775320662559085,0.88
15,2,0.7272396318123665,0.7272396318123665,1.0
16,19,0.456114169304779,0.7002587837247779,0.96
19,16,0.5764962432855534,0.5981264742057981,0.84
0,7,0.2634697281803788,0.7590821721965253,0.88
7,0,0.7671697617922904,0.7671697617922904,1.0
1,5,0.5197623517803944,0.7045951555444953,0.96
5,1,0.5145237259951557,0.7513941774931594,0.52
8,16,0.621137306831416,0.7625523752355722,0.88
16,8,0.496422807921373,0.6490328940259912,0.72
1,6,0.6032648803043328,0.7353723354967974,0.6
6,1,0.6679671119662354,0.7776819145515546,0.64
9,14,0.48913635241840936,0.6715094033527281,0.6
14,9,0.6052916303959182,0.6883817451076188,0.24
0,15,0.5825977469520653,0.7657097741086356,0.88
15,0,0.6484543525495798,0.6783452246900775,0.64
4,13,0.5588650293389229,0.6910736026133545,0.84
13,4,0.7025200972139829,0.7025200972139829,1.0
5,7,0.5228450933657375,0.7355608460093632,0.76
7,5,0.5334675082598854,0.6683557802769404,0.76
2,3,0.5291943456482848,0.8090729465380498,0.92
3,2,0.5172897093147568,0.7006747016477353,0.96
17,18,0.6861991029814162,0.7147406031133513,0.56
18,17,0.5732478328697164,0.738436916380847,0.6
11,12,0.686927169265968,0.686927169265968,1.0
12,11,0.5137657642992274,0.7184971280894958,0.68
10,19,0.6381154590092633,0.75335776637612,0.76
19,10,0.616909597432876,0.6816509172079344,0.48
6,18,0.7315285645719755,0.8053089109357561,0.56
18,6,0.6886996807760126,0.7384315804176971,0.8
5,16,0.7558231068002653,0.8004885141648883,0.64
16,5,0.6539016453404927,0.6746187359711368,0.8
4,11,0.4189699510721316,0.6275309774117406,0.52
11,4,0.5341469809983785,0.7393438265641337,0.92
9,13,0.7383522739976616,0.7383522739976616,1.0
13,9,0.6949711791516345,0.7930420696692844,0.84
3,7,0.6865997306822718,0.7029303242655598,0.96
7,3,0.6700697241848514,0.7549936438969123,0.84
1,15,0.6194162186345558,0.717807005153069,0.92
15,1,0.49835922914097114,0.7068259799940115,0.96
14,17,0.5539102689344263,0.7199632078460922,0.24
17,14,0.5146892575140508,0.7249966032965467,0.32
8,19,0.627417731997259,0.7922401457690897,0.56
19,8,0.5227396312149674,0.772743629772568,0.92
0,10,0.5609113963292065,0.804691954328125,0.92
10,0,0.7125213109410052,0.7125213109410052,1.0
2,12,0.6015300122313635,0.7846079651533807,0.92
12,2,0.5891923571035436,0.7282437981307102,0.72
1,17,0.5577339642458535,0.7447169559961522,0.92
17,1,0.6188998473731244,0.6904915860769401,0.68
9,11,0.583572599973031,0.6953733057604594,0.96
11,9,0.6548896859813029,0.8089847074631178,0.96
13,15,0.44874981929211427,0.7136444681210031,0.72
15,13,0.4178106156136586,0.6136801185765532,0.72
3,19,0.6544505730249719,0.7895665298692875,0.4
19,3,0.5943592016026549,0.7389518109156834,0.52
0,12,0.4413531241808191,0.7948378530986621,0.6
12,0,0.6775055604781397,0.7906167574083345,0.76
5,14,0.6423034095076441,0.8351921880202544,0.48
14,5,0.505556979024153,0.7655827225208598,0.92
4,10,0.7327774616394435,0.7327774616394435,1.0
10,4,0.7184716246631063,0.7184716246631063,1.0
8,18,0.6803166963397927,0.738369431245617,0.36
18,8,0.5695061612014427,0.7377724796983689,0.76
2,16,0.656715799840205,0.7577990348012311,0.92
16,2,0.5112555882623265,0.6535277548890879,0.68
6,7,0.6138221833767351,0.712412830476986,0.92
7,6,0.6819113851005107,0.72383170893705,0.8
4,8,0.674148624833264,0.7175132687543717,0.96
8,4,0.5420105765559147,0.6943079795909564,0.68
6,14,0.6752250136485752,0.7281472866702046,0.68
14,6,0.6382914130017665,0.7047689408857023,0.88
12,13,0.7640297106677589,0.7640297106677589,1.0
13,12,0.38927915744137076,0.7768731679617524,0.72
2,10,0.5081269077640693,0.6334600108854193,0.96
10,2,0.7122409854790033,0.7964013638755586,0.88
7,18,0.5577097823894342,0.6904022116864004,0.72
18,7,0.7216427104555642,0.7216427104555642,1.0
16,19,0.662055429219634,0.7427602468093097,0.68
19,16,0.5700532097798894,0.707537282613601,0.76
3,17,0.6096081009513281,0.6576265582624302,0.96
17,3,0.6191301274715129,0.6899110681460797,0.6
1,9,0.5974716749847196,0.8116331309027844,0.8
9,1,0.5464474362855386,0.7677402120582958,0.32
0,5,0.5649689909566294,0.6659901679240993,0.8
5,0,0.6115326410959435,0.7855685824536425,0.72
11,15,0.6840129077902525,0.7925160090423137,0.92
15,11,0.7644122335435655,0.7644122335435655,1.0
2,10,0.5994605792916036,0.7388221362187652,0.92
10,2,0.61424796221342,0.7657361186473631,0.6
6,8,0.6445053112229948,0.7391275408384625,0.64
8,6,0.6768531348869249,0.7633398017531781,0.6
13,15,0.8023888833018805,0.8023888833018805,1.0
15,13,0.5880603916383617,0.6744512800827859,0.96
0,1,0.6794645138866952,0.7284993157761618,0.8
1,0,0.6856981699327964,0.7555505842957821,0.68
11,18,0.6423245781416489,0.7481887817393833,0.92
18,11,0.6578558588642313,0.6932274685680363,0.8
5,19,0.5841471146175812,0.7851765616922954,0.4
19,5,0.43024010256282974,0.6913368997604878,0.64
4,16,0.5472496768240558,0.6793442327727999,0.88
16,4,0.5642517319171829,0.7016579703248199,0.52
7,17,0.6325660394426158,0.7678761223884462,0.76
17,7,0.5794902930235876,0.6970732058351798,0.88
9,12,0.606257901381899,0.734734245594794,0.76
12,9,0.477986863914574,0.8040158722554743,0.88
3,14,0.6286753973112138,0.763953767641967,0.96
14,3,0.39983548149965326,0.8118984234596948,0.72
2,16,0.7007226483357887,0.7293277243594242,0.56
16,2,0.5031696642764513,0.646819714308218,0.68
1,4,0.6013891852455181,0.7282984159489331,0.28
4,1,0.5408326372764259,0.6880645487279103,0.68
5,19,0.7429319016340317,0.8092699645136724,0.6
19,5,0.6755146643897734,0.6755146643897734,1.0
11,15,0.6767098800848285,0.7962359554128271,0.6
15,11,0.5150117950264572,0.7835068035164804,0.6
7,10,0.5632861602375402,0.7857245264458083,0.88
10,7,0.7426934526135434,0.8336824502722997,0.96
0,14,0.8389614085597998,0.8389614085597998,1.0
14,0,0.5069697710672901,0.8363596408155131,0.64
6,13,0.6755220626750639,0.8424278908928878,0.44
13,6,0.5722721131140526,0.721160736988472,0.8
9,17,0.6098463782077447,0.7252316935434407,0.76
17,9,0.731759779693885,0.825142314691561,0.76
12,18,0.6723044350513316,0.8187790428335274,0.64
18,12,0.5990426312946934,0.6861681369084409,0.48
3,8,0.572727887802845,0.750712052381022,0.8
8,3,0.5190228207098053,0.7822380205599955,0.6
2,4,0.5610862115996134,0.7199583210596321,0.72
4,2,0.4102443372961139,0.7019996193705518,0.8
3,8,0.5586944136201184,0.7224960531690671,0.76
8,3,0.7326560092697079,0.7358443953103414,0.56
12,18,0.6943244921324525,0.7374773920271909,0.76
18,12,0.7179841260521744,0.7179841260521744,1.0
1,10,0.6818236316835617,0.7229922372967252,0.76
10,1,0.7480827445348679,0.7751855732122911,0.88
9,16,0.6592409287747497,0.7291672757903317,0.64
16,9,0.573502031757089,0.7662875183199993,0.92
11,19,0.6819928939140094,0.8101155363019247,0.72
19,11,0.6678266499917841,0.74189460957084,0.96
14,15,0.6439440932359475,0.748884050182647,0.48
15,14,0.4680325878313366,0.7396083450689618,0.72
5,17,0.772298536673479,0.8376106518856611,0.88
17,5,0.6678804500432184,0.6956033746347499,0.88
0,13,0.7504737463895996,0.7986400447605898,0.68
13,0,0.7370757353232661,0.8273326023297202,0.72
6,7,0.633805594330739,0.7791041685651015,0.64
7,6,0.7323975226055601,0.7323975226055601,1.0
1,12,0.6734638946658041,0.7683684825846433,0.88
12,1,0.7390833095849665,0.7653252330283581,0.64
0,11,0.6527057230198627,0.7292720403680295,0.76
11,0,0.6827378009104942,0.820847155680766,0.48
4,19,0.6052578085530211,0.7065777787798803,0.96
19,4,0.5908691454132894,0.6177997628647313,0.88
2,17,0.6466574291620009,0.8399014775897576,0.92
17,2,0.5696964664284307,0.7433098174785222,0.68
7,16,0.7037866593305745,0.7365213185356738,0.64
16,7,0.7523347075200459,0.7523347075200459,1.0
8,10,0.7860323171053439,0.7946161242401146,0.6
10,8,0.662292191351024,0.8160667968183926,0.72
13,14,0.637895791187942,0.7781307519236662,0.96
14,13,0.5718484490270227,0.781952537735487,0.92
3,15,0.5992394156023896,0.6942810126174235,0.56
15,3,0.7006474095204202,0.7578353855886151,0.6
5,9,0.5910303038553681,0.7765263689842595,0.56
9,5,0.5283990835917936,0.7014853061962594,0.8
6,18,0.6799323914391662,0.7892510808563753,0.56
18,6,0.6000152888061441,0.7713501829748357,0.76
5,19,0.709124684194126,0.8257890987582707,0.88
19,5,0.6057075698599841,0.6597373603224278,0.36
3,12,0.6885083910246413,0.7614390739440862,0.72
12,3,0.7590440196664976,0.8494934372440921,0.76
8,11,0.6568562801777796,0.7655987905144109,0.88
11,8,0.43832347479211053,0.7589157400156876,0.96
7,16,0.587313053042742,0.7952358681250719,0.96
16,7,0.5645671562581468,0.6701325588227708,0.92
1,9,0.6348854184754347,0.7695184536033931,0.04
9,1,0.6616790119211269,0.75951146241205,0.76
14,18,0.7736221974373055,0.7736221974373055,1.0
18,14,0.6672107028560874,0.7912114746770482,0.76
0,10,0.49297599423561167,0.8173119014258253,0.64
10,0,0.7026650530641471,0.8313208907124846,0.92
6,13,0.7411736055326172,0.7691036577741452,0.76
13,6,0.7434018602635806,0.7735512465667809,0.72
4,17,0.6131258991216753,0.7208544284925005,0.44
17,4,0.630878711117407,0.6856985189280741,0.8
2,15,0.7244906971651213,0.8070923904645009,0.64
15,2,0.7885767155203267,0.8034775420749236,0.68
2,6,0.6076212180959514,0.809801283398812,0.72
6,2,0.7047157061547841,0.7767700569376238,0.56
0,16,0.8202277953526933,0.8202277953526933,1.0
16,0,0.69353786514785,0.7435444009999016,0.8
11,13,0.7116481213076238,0.7987528774480502,0.56
13,11,0.6562426581533812,0.8055426672653129,0.92
7,15,0.6705892999555809,0.7909622244559678,0.92
15,7,0.5947147012420907,0.6923878098382091,0.96
1,5,0.6163978654657015,0.747732503627288,0.44
5,1,0.7603261097979289,0.8091518205298931,0.72
12,14,0.7985869271405571,0.7985869271405571,1.0
14,12,0.7670618491284132,0.8244480665038937,0.84
3,4,0.6825576052072215,0.7461605553884747,0.96
4,3,0.5878204898945489,0.7263594574799951,0.92
8,17,0.645589546796854,0.8041060905426598,0.8
17,8,0.47816224797669304,0.7053228420201935,0.84
10,19,0.6757310282716638,0.8617259760907702,0.8
19,10,0.7581259971498631,0.7581259971498631,1.0
9,18,0.7405391859098944,0.8042123358526968,0.8
18,9,0.5109461908987384,0.6906131756075162,0.84
1,6,0.486236286685064,0.774059349251681,0.76
6,1,0.6881675980386768,0.7676002007109256,0.72
2,10,0.6926294013662012,0.8099343003893977,0.8
10,2,0.7467710616154768,0.7467710616154768,1.0
3,14,0.5141156675076706,0.7306419944309711,0.88
14,3,0.6066298316398517,0.710772221911461,0.56
15,17,0.6864309795642775,0.7704707741836456,0.84
17,15,0.5983424349635473,0.7633430464496272,0.72
4,19,0.5905932992179603,0.6793634773560362,0.56
19,4,0.7355823883918495,0.7445550389767842,0.96
0,8,0.8566216310867532,0.8566216310867532,1.0
8,0,0.7240202783354455,0.7296106139431313,0.8
13,16,0.7602052391983858,0.7840687281088393,0.56
16,13,0.5626492050277854,0.6542696873344498,0.72
5,12,0.6642165325599277,0.8148552482158683,0.88
12,5,0.6339241091096304,0.7171000029343688,0.76
7,11,0.5163697636552976,0.727580789508594,0.4
11,7,0.7099388011090971,0.8375799250285751,0.68
9,18,0.7045771389433938,0.743044493119082,0.72
18,9,0.6923051867383029,0.7259208573256213,0.92
15,18,0.6900663875748001,0.8309834857027768,0.96
18,15,0.6099421778310627,0.8261785956369204,0.48
2,17,0.6783745575651678,0.751375818295227,0.6
17,2,0.5812286047352331,0.7547589353991089,0.6
7,19,0.6687553076776073,0.7889471656486077,0.44
19,7,0.6072613558487131,0.7504582584701671,0.72
3,14,0.5390714889276657,0.6951748353169901,0.88
14,3,0.7889742977888554,0.8128836338481118,0.88
6,13,0.8137427124225912,0.8137427124225912,1.0
13,6,0.6891393702758181,0.7492007034167352,0.76
0,16,0.8142301587420079,0.8274988789186015,0.92
16,0,0.4566335327072883,0.743128646096508,0.84
5,8,0.6233674113412848,0.859008213935361,0.68
8,5,0.7212903418508296,0.8451670105240299,0.8
4,11,0.625457386053391,0.6805177743334692,0.68
11,4,0.8169229160964229,0.84419374897948,0.96
9,10,0.641032931814292,0.6924963316942235,0.88
10,9,0.7225697834596085,0.7956834662897322,0.36
1,12,0.5023043448765845,0.7219757140715952,0.88
12,1,0.6773399700822978,0.7899862231396462,0.92
7,8,0.5867071264013447,0.8301995503225047,0.68
8,7,0.6914431024668903,0.7648776558575903,0.88
6,9,0.7267968833398822,0.8168288919359652,0.56
9,6,0.6887976691231542,0.7605788600160346,0.88
4,17,0.5233918316175853,0.709903974687502,0.28
17,4,0.6140716169902085,0.7714711275481277,0.6
16,19,0.7209240392323416,0.7444437521972082,0.68
19,16,0.5942142094969991,0.7109072255180015,0.92
13,15,0.7741912443776233,0.8450077980523132,0.88
15,13,0.6691891971670298,0.7129130466457039,0.96
2,5,0.5536593546756656,0.7627933188344359,0.92
5,2,0.5867787480218846,0.8398137893058089,0.96
10,12,0.7829868658789817,0.806063411904454,0.76
12,10,0.7061008024374463,0.8293825498957327,0.52
1,3,0.5889333849729729,0.8038905202015364,0.84
3,1,0.6403929440110238,0.6486210207619768,0.88
11,18,0.6104051849019821,0.7935430836623932,0.92
18,11,0.7519517876434987,0.7625302069524422,0.84
0,14,0.7119333325001922,0.7794087784336006,0.88
14,0,0.613516786949209,0.7620639734575743,0.6
6,8,0.5728680132131656,0.776276218635971,0.68
8,6,0.6659159834977841,0.7563217546626045,0.92
10,16,0.797663029953426,0.8641888581396989,0.6
16,10,0.5869775224356115,0.750144702190715,0.84
5,14,0.5783647640524128,0.8527616935598564,0.76
14,5,0.754965244573546,0.7612073518194158,0.92
13,15,0.6004223491791243,0.7671059049230491,0.48
15,13,0.7155183402618381,0.7155183402618381,1.0
12,17,0.8172987783530724,0.8172987783530724,1.0
17,12,0.49469945172145485,0.8450283139366122,0.88
7,19,0.7204084449166832,0.7352784381811516,0.64
19,7,0.6670970951956898,0.7268601030272603,0.56
2,9,0.7574474200506921,0.7574474200506921,1.0
9,2,0.5035997765170953,0.7536898412177955,0.44
3,18,0.6278581024443926,0.7878995578792236,0.88
18,3,0.6975196312490692,0.8316935954372882,0.96
1,4,0.5993508478164346,0.8283394763285603,0.4
4,1,0.5959841072510136,0.7985630958197241,0.8
0,11,0.7413644063075909,0.8575270130097872,0.88
11,0,0.7217379992409413,0.7947924132567473,0.88
0,19,0.5963867170024696,0.8593204556720144,0.56
19,0,0.5019423955688083,0.7592544641682148,0.68
12,16,0.6756868216151661,0.7671488269798559,0.52
16,12,0.6696243913824406,0.7125187210386432,0.68
10,17,0.7074061975066115,0.8140342848070757,0.88
17,10,0.6659135098952733,0.7431562150156642,0.96
2,11,0.608296701137512,0.8570225990356841,0.84
11,2,0.699228240976398,0.8467580367600569,0.6
6,7,0.48835484474821067,0.8334050718283091,0.92
7,6,0.7576016335552338,0.8072076156424675,0.68
4,8,0.5702414743065527,0.7029545471508978,0.84
8,4,0.747425422625698,0.7944726630828408,0.96
3,13,0.6996850986482359,0.7736869333533939,0.84
13,3,0.7878091601233806,0.8462216915200352,0.64
1,15,0.6167655831383951,0.7060503021287087,0.92
15,1,0.5234089321827667,0.8337346374251601,0.96
5,18,0.688618937467752,0.8518215284629258,0.64
18,5,0.6171029721539375,0.802224014571113,0.92
9,14,0.6720960089925869,0.781957489575909,0.6
14,9,0.6874625010051564,0.871747043094609,0.36
0,19,0.6439008958190244,0.7585326064792882,0.52
19,0,0.6214839695879644,0.72049326878031,0.56
1,3,0.645314635597973,0.8207630560979974,0.6
3,1,0.6897705519011996,0.8004647343925052,0.6
6,13,0.8101282978703436,0.8101282978703436,1.0
13,6,0.8021106311333301,0.8258106962592698,0.88
16,18,0.6433943821215651,0.7797860718130806,0.84
18,16,0.7962780814405898,0.8232778925322419,0.84
7,11,0.7660507644353935,0.7738670394053442,0.8
11,7,0.7304528797479547,0.8093839073623768,0.88
4,5,0.7187989056136519,0.7187989056136519,1.0
5,4,0.7397896651749213,0.7867861482384596,0.84
15,17,0.5548957842870909,0.7236930343692346,0.84
17,15,0.5372127960188474,0.6722067691866547,0.6
2,9,0.5099003580614818,0.821467717148647,0.8
9,2,0.5489476067462753,0.7606199358694479,0.88
10,14,0.6746491718868006,0.8312808440941339,0.8
14,10,0.7808371150315094,0.8123288620413549,0.76
8,12,0.7632622164847656,0.8259602927896031,0.84
12,8,0.7056786837598236,0.8059057599854444,0.56
12,13,0.6949215200611862,0.7768099703745112,0.76
13,12,0.8118162246198495,0.8345075300257708,0.8
1,14,0.681994486113033,0.812561929379715,0.44
14,1,0.6103591038595345,0.8384799544911712,0.72
2,5,0.6255964684143002,0.7981912286358452,0.56
5,2,0.7871629134272692,0.8163345732580453,0.92
4,18,0.5633028228279564,0.8543695236491633,0.48
18,4,0.765860619465067,0.8681572169168872,0.96
6,7,0.7775173473013723,0.7869815046120184,0.76
7,6,0.6222248861933417,0.8654583010473302,0.96
10,16,0.8245381013512327,0.8369624590659266,0.72
16,10,0.6377302751279582,0.7302973736014423,0.8
0,3,0.6941447985751764,0.7478665166109429,0.76
3,0,0.5961068672889906,0.7558218184276804,0.68
15,19,0.6620505034662552,0.7975872985972301,0.36
19,15,0.7506308206424238,0.7506308206424238,1.0
11,17,0.6721780612696964,0.811076185771638,0.88
17,11,0.6443140464158491,0.7942241009475969,0.88
8,9,0.745708922436871,0.7930487335014338,0.8
9,8,0.633250748211664,0.7213942856966067,0.48
11,14,0.674234458691976,0.8426900577283547,0.76
14,11,0.5461716727050411,0.8740885838114221,0.6
2,5,0.6950934448315436,0.8517978468061891,0.8
5,2,0.7761698933939264,0.8227113953886901,0.56
18,19,0.5345908661856178,0.8002664617584676,0.48
19,18,0.6424297563014388,0.7835598817037346,0.68
8,9,0.58301732802143,0.7796305278565153,0.96
9,8,0.7166327313573052,0.7780639433749156,0.96
1,7,0.7627253960448407,0.77297774488888,0.52
7,1,0.7314172125460123,0.7660188908894598,0.72
6,17,0.4934740992317149,0.7582073600020929,0.44
17,6,0.7043741295019783,0.8381710708657634,0.76
4,13,0.6405990390231693,0.7640804645582774,0.64
13,4,0.5860764817226833,0.796428613327412,0.48
0,15,0.7621459772818058,0.8526404348531,0.68
15,0,0.7817905156997902,0.8669329985620751,0.84
3,12,0.6648810096444977,0.7790656060599386,0.84
12,3,0.7270289305731839,0.7683024391873238,0.76
10,16,0.8235959539348926,0.8235959539348926,1.0
16,10,0.3994449643870371,0.8444795498451647,0.92
5,7,0.5341441767199636,0.8368991742184015,0.96
7,5,0.5876963208052359,0.7575562180739833,0.64
14,16,0.6445740186296431,0.8337059689024416,0.88
16,14,0.6788541945666852,0.7429386749137026,0.8
9,19,0.6313414436253112,0.718484507095728,0.92
19,9,0.4638555505879827,0.7408624676457494,0.52
6,17,0.7474229533993368,0.793316455827872,0.56
17,6,0.5772645724394188,0.7129523062403859,0.24
4,13,0.6256464724927661,0.8283968738595047,0.72
13,4,0.8308593419100241,0.8336488936813243,0.84
1,15,0.7172754857820504,0.8300539817077635,0.52
15,1,0.7700864578345814,0.7977275308114377,0.76
3,11,0.6788189178374235,0.8015095649696027,0.92
11,3,0.571461790587172,0.82642079182251,0.6
0,18,0.741225896517658,0.8412470356701516,0.92
18,0,0.7219038065442971,0.7219038065442971,1.0
2,10,0.7829996032099371,0.8424076845465926,0.72
10,2,0.7566481065954794,0.801220457565097,0.56
8,12,0.5835855531993284,0.7964611728471926,0.48
12,8,0.8469636053377678,0.8475408173949143,0.76
8,15,0.7821862868843177,0.8123286328701227,0.84
15,8,0.4908088277809532,0.7807195922289611,0.36
6,10,0.7973928866758379,0.8526353566015057,0.6
10,6,0.7095194867063839,0.8448490296578683,0.68
14,16,0.8287272368779796,0.8346284450056606,0.84
16,14,0.7231261729322441,0.7591683627746193,0.72
0,11,0.69026726101429,0.8425037816686892,0.64
11,0,0.7782561668658612,0.798726398702133,0.48
7,12,0.8395979644991239,0.8395979644991239,1.0
12,7,0.567120344516366,0.7526193298646275,0.56
1,19,0.632155621922487,0.7655224458085661,0.88
19,1,0.605121404810091,0.8408260512962095,0.64
4,13,0.5748618175585136,0.7262163137872717,0.68
13,4,0.6356470445953923,0.7976102833146022,0.68
5,17,0.6355412617465165,0.8386916044618339,0.36
17,5,0.6662679717357944,0.7907613989877686,0.92
3,18,0.6508563998439031,0.7865642911807916,0.92
18,3,0.6948120583654319,0.7948344878996683,0.84
2,9,0.5274391580522295,0.8584023423502207,0.64
9,2,0.5937234527092563,0.7657275340910631,0.84
3,15,0.6889631892061663,0.7356411188381425,0.96
15,3,0.7216554113237061,0.8082360956294259,0.84
1,11,0.5620761073599068,0.8327167260420423,0.88
11,1,0.8296560456381318,0.864801838139712,0.88
0,5,0.7677417362383399,0.8271115490868169,0.68
5,0,0.8701623677259656,0.8701623677259656,1.0
4,9,0.5210754062235746,0.8438525518633867,0.8
9,4,0.5086161355641005,0.8288225394663968,0.28
2,14,0.7566764529538752,0.8214390983913649,0.48
14,2,0.6388544283074957,0.7659646165330802,0.72
6,10,0.66385405055687,0.8493532173689908,0.92
10,6,0.8016914073474062,0.8327760757405317,0.92
7,16,0.5480160990364935,0.7903726242897755,0.96
16,7,0.7277488927139422,0.7552675268725821,0.88
12,13,0.6017850254921021,0.8601210290007286,0.68
13,12,0.6354301076091224,0.8635221725362612,0.72
17,19,0.6345527460202074,0.75308111798013,0.64
19,17,0.6486120714080055,0.7534765426443367,0.56
8,18,0.5965869769705494,0.8628226456489433,0.68
18,8,0.6841150579258181,0.8476100147219443,0.52
1,4,0.6736705573905329,0.8387549734417004,0.2
4,1,0.5454216537590244,0.8349961021960333,0.96
2,11,0.702968808675872,0.8076287343124902,0.88
11,2,0.731867183459908,0.8390310242187431,0.88
10,13,0.7477399429782141,0.8746440724782849,0.16
13,10,0.6478078508489786,0.8374928101026585,0.96
15,17,0.5345679858273986,0.846532488727006,0.88
17,15,0.5977666741150611,0.7915036471501947,0.56
9,14,0.6724137414921023,0.765460907723847,0.48
14,9,0.6509648680775185,0.8383076370263168,0.76
3,7,0.6198557847221362,0.7889240948594071,0.8
7,3,0.71565681722191,0.8205686697391312,0.68
5,8,0.6201725091056134,0.8806339107371693,0.64
8,5,0.8617021799606415,0.8617021799606415,1.0
6,19,0.5628184108881654,0.8222524530564895,0.88
19,6,0.7228230971040138,0.7665990455166029,0.84
0,16,0.8018712805403517,0.877126628545245,0.84
16,0,0.7644842787494578,0.8287582317007771,0.96
12,18,0.6621671296089993,0.865912351584911,0.44
18,12,0.8146228091926456,0.8146228091926456,1.0
3,6,0.7015645151893495,0.7264090536285539,0.52
6,3,0.746082271200564,0.8274593093926377,0.52
9,11,0.7550399066693689,0.7550399066693689,1.0
11,9,0.7189444285149317,0.8753048225088096,0.84
2,4,0.6801925104837484,0.8365784296744778,0.68
4,2,0.4982078691210735,0.7874772430552548,0.6
7,14,0.6450797917332498,0.8138163359999451,0.92
14,7,0.665197708359959,0.7968669950120078,0.96
16,17,0.6720299657671803,0.7699243194925036,0.52
17,16,0.6750643044487441,0.8214892494693397,0.8
1,10,0.6277780722465762,0.6819875474253135,0.72
10,1,0.7774903592688744,0.881050514450102,0.84
8,13,0.5917484280387642,0.8218144073319807,0.44
13,8,0.6257710258378302,0.831218474707178,0.52
18,19,0.7314520011688451,0.7880040143559782,0.96
19,18,0.7548392935314194,0.7548392935314194,1.0
5,15,0.8417854316033399,0.8504978975184707,0.92
15,5,0.7306927698386851,0.8966873709050726,0.56
0,12,0.7129573895836223,0.8551567461290196,0.68
12,0,0.49046393389535253,0.7738978539938899,0.64
5,8,0.7239541346617661,0.8538701062150904,0.76
8,5,0.6970742029513846,0.8649997574154238,0.24
1,3,0.7012748769099875,0.7541820883004666,0.76
3,1,0.6857889947250912,0.8603860529587303,0.88
10,13,0.853554130457559,0.8857804289533785,0.48
13,10,0.8051992541940003,0.8051992541940003,1.0
7,9,0.5831393441617823,0.8208834377788279,0.8
9,7,0.794962712572662,0.794962712572662,1.0
6,12,0.791555509428546,0.8201537748725599,0.28
12,6,0.731452072570126,0.7633524788331165,0.6
14,18,0.700895851787289,0.8040288112903926,0.84
18,14,0.6720819704953614,0.7953935535193086,0.8
4,17,0.6737073905007646,0.7902625889335535,0.72
17,4,0.7064425791387181,0.7972371060029814,0.96
15,16,0.5691926979975667,0.7945970843658462,0.6
16,15,0.6664979759817599,0.7709030468757123,0.8
2,11,0.7061252923315793,0.8048237593779678,0.88
11,2,0.8087647440775836,0.8544527512181634,0.92
0,19,0.7906276962701652,0.8447821354647285,0.6
19,0,0.6373901717895254,0.7382316906426181,0.6
2,13,0.6493656254847018,0.8564545422231437,0.96
13,2,0.7569074688486025,0.875828699191981,0.8
5,11,0.701473545181378,0.8291584993068357,0.72
11,5,0.7415621549376594,0.829109607904819,0.84
6,14,0.7791686769021728,0.8683103757594856,0.52
14,6,0.7176058059286381,0.8238828113189577,0.84
7,8,0.7027669862288745,0.779340019635736,0.72
8,7,0.7585693022831399,0.8438613629011261,0.96
0,12,0.8218149613646399,0.9071995930310722,0.16
12,0,0.825947864649218,0.8844667585216351,0.32
17,19,0.5859027503266331,0.7211080537951957,0.6
19,17,0.6394401912893378,0.7203860714937239,0.84
1,16,0.7518596980048399,0.8002735419313203,0.68
16,1,0.7488013753245779,0.7533718094084898,0.44
3,9,0.6894387476963271,0.7747556392746917,0.68
9,3,0.6238948010422808,0.7727232833642778,0.88
4,15,0.6761821647365244,0.7604873522867822,0.88
15,4,0.7927429425193667,0.820269579141866,0.92
10,18,0.7734900048848645,0.8926494503165585,0.88
18,10,0.8050163110539466,0.8412488102005101,0.88
1,8,0.7176101085840941,0.7876176663566775,0.96
8,1,0.8377455253128738,0.8377455253128738,1.0
10,17,0.8261084890121964,0.8392801922199216,0.72
17,10,0.549724521615913,0.7754111661575703,0.92
6,18,0.6614695546241698,0.8351871927479804,0.72
18,6,0.6092604242940048,0.7299186462268776,0.88
13,14,0.7678795366744365,0.8010581380152324,0.88
14,13,0.6577842360595697,0.7903555773289087,0.64
0,9,0.6473490920014575,0.8521001549341884,0.28
9,0,0.5565136216769143,0.7829117879876678,0.32
4,12,0.5580823536962114,0.7596900202957603,0.76
12,4,0.7740152738774313,0.8257010778514694,0.68
11,15,0.6660634895368795,0.8789806445827905,0.72
15,11,0.8133879633918181,0.8155428729927712,0.72
5,19,0.7103065259639687,0.832567430640475,0.56
19,5,0.6359242903144737,0.7720555107664218,0.72
3,16,0.6472465908208496,0.7580134890050676,0.96
16,3,0.6739744885766965,0.7776652409414417,0.92
2,7,0.6700035047345428,0.8440640774645253,0.6
7,2,0.7226172960992066,0.8224140100110896,0.56
10,16,0.798292913262349,0.8282488442579637,0.36
16,10,0.6458098624239921,0.7870373418352378,0.96
14,18,0.7123280213991425,0.8656415263190143,0.84
18,14,0.7947214166224156,0.8154697609980446,0.76
7,11,0.6232844238389217,0.8160097685823262,0.64
11,7,0.85139433834782,0.85139433834782,1.0
4,15,0.807198697767175,0.807198697767175,1.0
15,4,0.6870241919646589,0.7908468614436689,0.16
2,5,0.6839916815448763,0.7697908924023,0.76
5,2,0.8809319589143298,0.8809319589143298,1.0
12,17,0.7686400589227631,0.7686400589227631,1.0
17,12,0.706798665315763,0.8344634642805133,0.72
8,19,0.6995575760840664,0.7820915103880566,0.84
19,8,0.6649019003775496,0.7364512524447935,0.92
1,3,0.6043729570455924,0.8496343848173961,0.56
3,1,0.6785202187647906,0.7534651949620153,0.4
0,6,0.5592746232480759,0.817381111009305,0.84
6,0,0.6793421294352269,0.8069291770582533,0.8
9,13,0.6734656080657878,0.8042419732199001,0.84
13,9,0.8238295851138627,0.8354151882665539,0.8
7,17,0.805927910404856,0.805927910404856,1.0
17,7,0.6566355573617116,0.8526617567219933,0.96
8,11,0.6240094511867553,0.8011248290089773,0.92
11,8,0.7550170361932975,0.8825050844754866,0.96
6,18,0.8140500725284557,0.8461871676736423,0.88
18,6,0.7041829137906058,0.8396728563835788,0.8
4,12,0.7491630610219959,0.821218245801848,0.92
12,4,0.6468856126240528,0.8497463167408521,0.8
3,5,0.6359069411401856,0.7333814610227221,0.76
5,3,0.6331677371594189,0.7995294574301657,0.4
16,19,0.5910530319942328,0.7019488496798695,0.92
19,16,0.6970251990646965,0.7649733644080874,0.64
2,9,0.7365343569077256,0.85138069791909,0.72
9,2,0.6910526247375384,0.8275561853640403,0.68
0,10,0.6504462683818656,0.8239069757634743,0.0
10,0,0.7303480169744854,0.8425627442534287,0.8
1,13,0.6423580559866655,0.8408400146417071,0.52
13,1,0.6610715452141072,0.8343167240262523,0.68
14,15,0.7810878522215894,0.8390712414540781,0.92
15,14,0.7092363316235789,0.8263082707565914,0.8
10,14,0.803727260725277,0.837072534110888,0.56
14,10,0.6445981709701308,0.8064671401649115,0.96
0,19,0.843406619594683,0.871576960454466,0.8
19,0,0.597261895236447,0.7544648043225842,0.88
1,8,0.7905491328150926,0.8141220188008826,0.8
8,1,0.6972131620968633,0.8246230524289017,0.76
3,12,0.7094047306862634,0.7506870046143794,0.44
12,3,0.6036633399131704,0.8074094752401972,0.72
2,11,0.8012489524930204,0.8423669180669531,0.76
11,2,0.8376931920608632,0.8376931920608632,1.0
5,17,0.6925786049620128,0.84900260780622,0.84
17,5,0.750267439646454,0.7658603775628203,0.88
9,18,0.5879095177573266,0.7842354287608889,0.8
18,9,0.8132397669727454,0.8132397669727454,1.0
4,6,0.5986980618318615,0.8514042463849598,0.92
6,4,0.6796108019068832,0.8316529878349304,0.92
7,13,0.7260564599710652,0.7904834471572626,0.56
13,7,0.7741851543219698,0.8097411007200821,0.76
15,16,0.6740599203863094,0.8921715232819658,0.88
16,15,0.7537180638141924,0.8643038110037861,0.92
10,11,0.8643578593452321,0.8643578593452321,1.0
11,10,0.819380152762214,0.819380152762214,1.0
8,15,0.6686929705606299,0.8661019767135659,0.36
15,8,0.7121928281669522,0.8613817448761305,0.96
3,4,0.7721123972753079,0.821501271755553,0.88
4,3,0.4744603713845568,0.7401575749148164,0.48
0,19,0.6327748771536406,0.8921738829399726,0.56
19,0,0.6195759628971909,0.8391474255024814,0.84
12,14,0.8670471645459026,0.8670471645459026,1.0
14,12,0.8545833750000071,0.8545833750000071,1.0
6,17,0.5710397487355866,0.8590745778143006,0.96
17,6,0.7367390924637994,0.780143411225386,0.88
2,5,0.6700606671159179,0.8469011972260775,0.6
5,2,0.8215742468329926,0.8215742468329926,1.0
1,9,0.6634311645097506,0.8499242482359769,0.56
9,1,0.7583708982343046,0.8344478214301605,0.92
13,18,0.6483672999261197,0.8356659960360778,0.92
18,13,0.5927319873166387,0.808645200326614,0.44
7,16,0.6206413741251318,0.7236016746671484,0.72
16,7,0.5249722759200535,0.8508586676169335,0.8
1,14,0.717688169301883,0.8531414141048342,0.32
14,1,0.7259060786380847,0.8805769451255181,0.64
5,6,0.8490633987069472,0.8490633987069472,1.0
6,5,0.6053551425595357,0.8430913741735561,0.84
0,11,0.8112941276831585,0.8656383401556755,0.88
11,0,0.8175300139597816,0.8507651034904642,0.64
12,13,0.8360478068013416,0.8566127378145996,0.56
13,12,0.6077269979682925,0.8222922808414156,0.4
2,4,0.8447074277950722,0.8447074277950722,1.0
4,2,0.5723426868181012,0.8504048284351278,0.92
9,10,0.5368258026536692,0.7728711296432277,0.68
10,9,0.6889342042232837,0.8472242818689948,0.8
3,17,0.6987167149446186,0.7596571427266845,0.64
17,3,0.8678994488643896,0.8678994488643896,1.0
8,18,0.7361840715907396,0.858036909063131,0.76
18,8,0.684988804205069,0.8055537597787922,0.8
16,19,0.39757534557342494,0.67603812097956,0.68
19,16,0.7692801925778077,0.7692801925778077,1.0
7,15,0.8615493044105118,0.8615493044105118,1.0
15,7,0.69254894241973,0.7779416861771484,0.76
6,19,0.7002777551333438,0.8343907415223765,0.76
19,6,0.6169374976101626,0.7551996251396657,0.64
10,12,0.7143315099725667,0.8980781790460293,0.96
12,10,0.6192820289878853,0.8547102249113951,0.84
15,17,0.7195565051056129,0.8794905175440206,0.92
17,15,0.699876624365505,0.7854446931223111,0.88
2,5,0.8310207331328318,0.8310207331328318,1.0
5,2,0.7480713622671367,0.8444754942864161,0.88
9,14,0.7887813351560051,0.8415207612822906,0.8
14,9,0.6064187735755542,0.8311675037213458,0.24
1,7,0.596248035493717,0.8496973815830369,0.64
7,1,0.5825664035278764,0.829986415344808,0.84
11,16,0.6645781872913399,0.8396468521801925,0.88
16,11,0.6532621522439653,0.7550198750804451,0.68
0,4,0.8269329635956945,0.8967459583150404,0.92
4,0,0.7976223922111499,0.8379983632017061,0.92
8,13,0.7932779249946448,0.8530105000878138,0.72
13,8,0.7222088604092091,0.8408227861127096,0.84
3,18,0.7563836904900583,0.8109571770655265,0.84
18,3,0.7704166241809962,0.858920499515181,0.88
7,13,0.7232766626380343,0.8470695971472313,0.72
13,7,0.7054714738251693,0.8740575206869925,0.84
1,18,0.747262086292723,0.8084635491153346,0.64
18,1,0.7583999072643877,0.7583999072643877,1.0
6,16,0.8041645831315745,0.8325619183885463,0.72
16,6,0.734532549814634,0.7983331976302408,0.96
3,12,0.7952846738319596,0.7952846738319596,1.0
12,3,0.7668186573488402,0.7937962174094191,0.88
8,15,0.8100838910673657,0.8902877027252494,0.6
15,8,0.7727025159402235,0.8320916439300149,0.64
0,14,0.6985810595608046,0.8823880894049185,0.8
14,0,0.7987215487418929,0.7987215487418929,1.0
5,17,0.7326401342269715,0.811129202974889,0.68
17,5,0.5878311531830056,0.8398892215917702,0.96
9,19,0.6993041617669571,0.8577385966985049,0.96
19,9,0.7319405988755074,0.7488994649555807,0.96
10,11,0.8545994077592249,0.8545994077592249,1.0
11,10,0.7861608747459911,0.8513338550646191,0.92
2,4,0.8790124374313077,0.8790124374313077,1.0
4,2,0.6844504405973325,0.7553458449517886,0.88
6,17,0.5437822563826352,0.8730993973467953,0.68
17,6,0.803705772686562,0.803705772686562,1.0
7,9,0.679544872770034,0.7822570319428072,0.76
9,7,0.7176275251246367,0.7632517452039235,0.52
2,16,0.614732936347463,0.8395813451144258,0.56
16,2,0.7145663626729994,0.8532613325819574,0.8
8,10,0.7527955370121621,0.8752769981062911,0.6
10,8,0.7676286425470937,0.889296821217199,0.56
12,15,0.7067049401437314,0.7980344885369257,0.0
15,12,0.7024804346872733,0.8207475103437671,0.0
5,13,0.7975987840101565,0.8627650413645119,0.76
13,5,0.5483371601935013,0.846917134305065,0.88
4,18,0.5535165381438999,0.8038169095619585,0.48
18,4,0.8524598981993133,0.8524598981993133,1.0
0,11,0.5955148795982824,0.8487594429186682,0.0
11,0,0.8077617408640883,0.8574873687616883,0.72
1,14,0.7461631597404816,0.8259953780554836,0.4
14,1,0.70876904878716,0.8553867296476693,0.96
3,19,0.6741969778026092,0.8520346648114179,0.4
19,3,0.6290184446845248,0.7401959707621216,0.92
17,19,0.40846653438858727,0.7514942895598912,0.96
19,17,0.600185673198543,0.8092610195236942,0.8
10,18,0.835874108598509,0.835874108598509,1.0
18,10,0.6113148807381266,0.8359413779620176,0.6
15,16,0.7311910089275137,0.8429499754509775,0.84
16,15,0.7918902406093373,0.8339206473830576,0.96
11,12,0.8060667716091533,0.8684662010579457,0.96
12,11,0.7757683928353154,0.8947127171333504,0.84
13,14,0.6234094599597187,0.8367480082624622,0.92
14,13,0.8447568000015391,0.8447568000015391,1.0
3,8,0.5936758045537339,0.7933426097060267,0.68
8,3,0.8278947299541809,0.8505817431297601,0.72
2,9,0.6902484260994359,0.8248542610038848,0.68
9,2,0.5145591250236111,0.7906264028436479,0.64
1,7,0.762309275903766,0.8057402725824596,0.88
7,1,0.6340080440218522,0.814063771477549,0.84
0,5,0.8368244082929867,0.8545531265855617,0.76
5,0,0.8172072292746225,0.8993069489542187,0.76
4,6,0.6260607872283414,0.8051189662038946,0.96
6,4,0.8215776079367749,0.8594331574546606,0.68
3,19,0.7386110810470209,0.8560847490651783,0.04
19,3,0.6719657132530579,0.8127530156881226,0.84
1,2,0.7377598738841639,0.8251317372261437,0.8
2,1,0.7633247399049006,0.8837075627073361,0.84
0,12,0.8471092512990179,0.8612584771533337,0.76
12,0,0.6494148267495541,0.7991322200358201,0.76
11,17,0.7255433951929381,0.8566600946018065,0.92
17,11,0.6540705191690019,0.8014223594506549,0.92
6,18,0.7063984453390141,0.89269536454608,0.4
18,6,0.7408507711835675,0.8501923092195041,0.68
7,8,0.6810240360569966,0.8729401987402742,0.92
8,7,0.7748241732938596,0.834370567808412,0.8
5,10,0.7803852118851704,0.849439236495907,0.72
10,5,0.7621389549571573,0.889205062601576,0.52
4,9,0.5788184622893284,0.7501120986351428,0.72
9,4,0.6978092618556647,0.793691125120721,0.8
13,16,0.7892707851979032,0.842443582430698,0.72
16,13,0.7819769505549325,0.7819769505549325,1.0
14,15,0.7769802675207937,0.8819637839912648,0.6
15,14,0.5682520234081012,0.8325938438225581,0.88
6,12,0.782722349777301,0.847093180935261,0.88
12,6,0.7859676903850443,0.7996211474512561,0.76
0,10,0.726325038604845,0.8440142501882745,0.68
10,0,0.8465368429098878,0.880098035143086,0.48
2,17,0.7608831493645658,0.8427068993124293,0.64
17,2,0.6328682763962434,0.8236652847643624,0.64
13,19,0.7609126925438194,0.8425282837464161,0.08
19,13,0.65539985088547,0.8652663611611715,0.72
7,18,0.6696950455228899,0.8533602177693563,0.76
18,7,0.6601080109745371,0.7802919725253815,0.64
9,16,0.7476216911883017,0.8354514962227142,0.6
16,9,0.7649776986163942,0.8411875503700635,0.92
1,5,0.6875389195813877,0.8105018340554644,0.44
5,1,0.8011433643732596,0.9034941530066478,0.6
4,15,0.6531877565606561,0.7577678029046634,0.8
15,4,0.8106842264384854,0.8106842264384854,1.0
8,14,0.8812606929301813,0.8812606929301813,1.0
14,8,0.702068133385142,0.8211492486598819,0.16
3,11,0.698247764565858,0.7707639244404136,0.68
11,3,0.703754234697893,0.8561785540870128,0.84
11,13,0.7825163184745729,0.8496076892781816,0.88
13,11,0.7473468623354248,0.8059541475784215,0.92
1,3,0.7045983106129026,0.846685608635416,0.92
3,1,0.825237006779102,0.825237006779102,1.0
4,16,0.7048267511385636,0.8041341167611533,0.96
16,4,0.7812897452807048,0.839831816489933,0.84
0,18,0.5410029949875057,0.8320164339459971,0.36
18,0,0.6694027740210956,0.7628353424063709,0.88
5,14,0.6989263400609163,0.8761664065859007,0.72
14,5,0.777508183221048,0.8309510692546043,0.76
2,12,0.7465460525186713,0.8381257265112303,0.92
12,2,0.7711724549798065,0.8577225285695157,0.92
17,19,0.600800381715612,0.8653969154988903,0.88
19,17,0.6007273532595924,0.6951918748107867,0.44
6,7,0.8194339299824792,0.8287526522517913,0.92
7,6,0.7830275621369951,0.7974260347733513,0.64
9,15,0.7572109740992786,0.8771572689320211,0.88
15,9,0.43261086506239543,0.8234281283944768,0.68
8,10,0.6918097301811462,0.8877779102899988,0.88
10,8,0.8144652542652402,0.9025401291891392,0.0
4,10,0.6785747208541316,0.7982502660141348,0.96
10,4,0.8045544875811423,0.8544908601810492,0.8
0,17,0.7184294010024787,0.868259334048115,0.96
17,0,0.6778808141907554,0.848864010196214,0.6
8,14,0.7667288245502777,0.7997621808756458,0.6
14,8,0.7150824538758984,0.9009975588820163,0.24
6,15,0.6370051534925677,0.8314624672816457,0.96
15,6,0.7614890844049516,0.7614890844049516,1.0
7,16,0.8155249482324682,0.8300706350242928,0.8
16,7,0.7536698531732944,0.7988004234288912,0.96
5,18,0.6396228700323014,0.8391136229187024,0.76
18,5,0.8064002825657729,0.828455411885028,0.92
12,13,0.8125266041771999,0.8125266041771999,1.0
13,12,0.773100620960923,0.7802434946829064,0.16
1,2,0.7915360085563876,0.8323916977388122,0.64
2,1,0.5742284264259391,0.8508078112222451,0.88
3,19,0.7533223673101841,0.8567332414197549,0.12
19,3,0.6491370774146462,0.8261556694986982,0.68
9,11,0.7964740632785793,0.8943335006474502,0.64
11,9,0.800765225711762,0.820707233865393,0.6
1,17,0.8192714870002055,0.8303127251591269,0.8
17,1,0.7937168354163753,0.8669510609425389,0.96
0,13,0.6514758369136969,0.8820604296188677,0.76
13,0,0.6601558646439529,0.8132407892857321,0.8
2,12,0.6939415288002595,0.8493998231256266,0.52
12,2,0.7178485832748362,0.8469154567685626,0.52
4,15,0.7571556542384149,0.8006207285297972,0.88
15,4,0.6248346392933297,0.8293374541357389,0.52
14,18,0.815797908866233,0.8754444511830938,0.72
18,14,0.7274746638499376,0.8853006046587193,0.52
3,19,0.712867131430205,0.823237509885338,0.68
19,3,0.702936091589958,0.8116505236860236,0.28
5,6,0.7398421446299432,0.8258646848827652,0.92
6,5,0.7136672612340293,0.8495219065083919,0.8
7,11,0.6229549170474094,0.8483791715223978,0.76
11,7,0.8430188907247287,0.8597786142836776,0.4
8,16,0.8447517975378964,0.8447517975378964,1.0
16,8,0.7188106434720253,0.832241151594823,0.88
9,10,0.810178445836733,0.8689650280716308,0.6
10,9,0.8379564867589797,0.864382452552713,0.84
6,13,0.6893915916704213,0.885496022208599,0.96
13,6,0.6634815977431334,0.8424828708139221,0.84
9,17,0.8805932047661322,0.8805932047661322,1.0
17,9,0.6969369341798213,0.8490326062796687,0.64
5,15,0.8172388737582356,0.8400048008774356,0.6
15,5,0.7673042876468527,0.8247876350591694,0.68
1,10,0.7652972531620517,0.8485122628604838,0.96
10,1,0.8497981805482844,0.8593124965225082,0.76
4,12,0.6512554062501881,0.8290829293461481,0.92
12,4,0.8139099083199449,0.8460896843656969,0.84
2,7,0.7270601876940436,0.865092203116245,0.44
7,2,0.5652292871248352,0.8565348561324788,0.88
14,18,0.6838234752695501,0.8230266335023086,0.32
18,14,0.7435709442497218,0.8726941217348191,0.8
3,19,0.7264564784632215,0.8404819367013141,0.2
19,3,0.7246819676076687,0.8170676105107229,0.6
8,16,0.7021007217933034,0.878385474288188,0.8
16,8,0.6703131970315978,0.8083935536805373,0.8
0,11,0.8662171693821723,0.8737967221102622,0.64
11,0,0.8215265525965997,0.8786797927895407,0.88
6,10,0.6159630107366822,0.7833120531640004,0.52
10,6,0.7693941635533281,0.877324227465172,0.92
14,18,0.6166034769813242,0.8291025835579264,0.16
18,14,0.6450198745771145,0.8768981163216681,0.96
9,16,0.7421819848851838,0.8466171891696259,0.84
16,9,0.8121739360900374,0.8121739360900374,1.0
0,13,0.7628916573161219,0.8725185940515445,0.52
13,0,0.825741115497349,0.8357074398896666,0.76
5,7,0.7823688935704853,0.8676415923655529,0.8
7,5,0.7186209909638601,0.846376430853417,0.92
1,12,0.7676017009649835,0.8477693417899177,0.76
12,1,0.7467533912232704,0.8288917313050972,0.8
11,17,0.8980380900205274,0.8980380900205274,1.0
17,11,0.7580811855725995,0.7927424130625257,0.96
4,19,0.6560596188648022,0.7370947315225336,0.76
19,4,0.7455781844093685,0.815881925682169,0.84
3,15,0.6821972906785183,0.8122677920880527,0.8
15,3,0.7847501758604953,0.8342765761487536,0.92
2,8,0.7818433429652138,0.8151467172155009,0.76
8,2,0.7260500371279941,0.8183946029074601,0.84
10,12,0.804837287903043,0.9015476196396321,0.52
12,10,0.771462639602621,0.8708109492797897,0.68
4,11,0.5843858472700846,0.7619149077273157,0.8
11,4,0.8296796261203434,0.8436377073410825,0.68
1,5,0.6188932189332857,0.8568840090614985,0.64
5,1,0.7997205608723738,0.8684197208737194,0.88
2,17,0.6719146077898188,0.8690328621343832,0.92
17,2,0.6274134409396634,0.8527156375280711,0.76
7,19,0.5713579394666364,0.7771260325670525,0.8
19,7,0.7580835299091155,0.8070227847367908,0.88
9,15,0.7873631758867007,0.8456850429853707,0.92
15,9,0.7681768330256709,0.8813275342088456,0.76
6,8,0.6867319881387627,0.8015979733003974,0.8
8,6,0.7809442580542013,0.8312932741459264,0.32
3,14,0.6584602960157862,0.7286269368454155,0.72
14,3,0.6055196388004778,0.8730787375127695,0.96
0,13,0.5390134668201604,0.8582210713524935,0.88
13,0,0.536563136332069,0.8074270986979801,0.64
16,18,0.8224930755863383,0.8435565286485069,0.88
18,16,0.751930146253369,0.8476305057755937,0.52
12,18,0.8079385104507896,0.8580790249780808,0.44
18,12,0.7161209300118673,0.8250810808198338,0.6
3,19,0.62954958727404,0.8000656855518088,0.28
19,3,0.602254040266944,0.7863983159113964,0.36
10,14,0.8379885302128519,0.8700849309072888,0.88
14,10,0.5665266367151115,0.8428348312445468,0.76
15,16,0.673116921672595,0.8424061522560169,0.28
16,15,0.7218045710980829,0.8173282364645656,0.56
6,11,0.7051580074448817,0.8310059127752059,0.68
11,6,0.7269267997903573,0.8324028209170784,0.84
4,8,0.4480275635261896,0.7643536142929188,0.72
8,4,0.8070903472842706,0.8503111138974246,0.52
1,5,0.7610502521885,0.8573818612624203,0.84
5,1,0.8178263156544177,0.8576334462038797,0.84
2,17,0.6729258142450986,0.8232058690602798,0.68
17,2,0.6609599195409384,0.7903603610750864,0.92
0,9,0.8282119165315173,0.8586198931329211,0.56
9,0,0.6341196971501849,0.7509492316710809,0.76
7,13,0.5163223587432633,0.8092603778672078,0.6
13,7,0.7336663777114298,0.818203702680673,0.64
0,11,0.8170564226131092,0.8592879110299929,0.24
11,0,0.8027634331623037,0.8425192064848115,0.8
3,16,0.831627070546501,0.8594913863410125,0.64
16,3,0.7263678101402662,0.8014079915669416,0.96
10,13,0.8140751080413209,0.8565673230063917,0.76
13,10,0.7544224927188565,0.8503212494577745,0.84
6,9,0.697143627308699,0.8779988380462985,0.56
9,6,0.7642584346610685,0.8500594848704273,0.88
4,15,0.7317777576463164,0.7901976967702553,0.48
15,4,0.7249722321076773,0.8529500271822166,0.56
7,8,0.7841898933781782,0.8135250066940239,0.84
8,7,0.7950502472302995,0.8458207640187784,0.36
2,17,0.6251305218517017,0.8200765258654196,0.84
17,2,0.6450501432140404,0.8191369404758101,0.68
14,19,0.7304365337137643,0.8286339386187734,0.92
19,14,0.6799835921586703,0.7680009690945511,0.68
1,5,0.8560350756816621,0.8668547136369895,0.84
5,1,0.8441041307415604,0.8662285691860869,0.68
12,18,0.7746711973933001,0.9017356077981541,0.72
18,12,0.7950379038046635,0.8473066949179351,0.0
2,8,0.7981358331473147,0.8243453037727848,0.88
8,2,0.7538379585336652,0.8849541213051573,0.88
0,15,0.6422514094666927,0.8508966812766292,0.64
15,0,0.778398877826929,0.8820280997027947,0.32
5,12,0.8088694189288187,0.8385558646191805,0.76
12,5,0.8931940561776779,0.8931940561776779,1.0
3,13,0.7617393909008084,0.8253626649014443,0.76
13,3,0.7209040213550273,0.8250616551505235,0.48
9,11,0.6048979727181789,0.8262411665700082,0.6
11,9,0.7640776025354155,0.8301836752819041,0.88
1,10,0.8296587617541908,0.8354334593529702,0.64
10,1,0.8949097320671185,0.8949097320671185,1.0
7,17,0.8333695844734438,0.8369327907876748,0.64
17,7,0.6744478199394198,0.7871196192262244,0.72
16,18,0.6441796667697426,0.8250767800298335,0.4
18,16,0.7309255935653496,0.8910216326047988,0.48
4,14,0.7445994314551078,0.821907737888799,0.6
14,4,0.6650865660578117,0.8873420863985612,0.68
6,19,0.6890052340937609,0.8234481313449662,0.64
19,6,0.6635465739205941,0.7580945020658184,0.84
3,18,0.6500817290128879,0.8220988946986006,0.84
18,3,0.6995842475967793,0.8637227228263686,0.96
2,7,0.8290792999251406,0.8442729990752982,0.4
7,2,0.7503283726449073,0.8410525881827438,0.72
1,12,0.7761142427239082,0.8722758020724827,0.96
12,1,0.8533121409033209,0.8533121409033209,1.0
0,14,0.7589460187799607,0.8901517791371288,0.88
14,0,0.6598656501368072,0.9097842608817033,0.88
9,19,0.8128019136193876,0.8166808857199225,0.92
19,9,0.6625321370600925,0.8593184518209714,0.88
4,8,0.684942716198693,0.7937186461771553,0.72
8,4,0.8256345222768919,0.8592808940631228,0.76
10,16,0.7484608287355158,0.8599591493521439,0.64
16,10,0.7291449548706107,0.7904445864073179,0.68
6,15,0.680794078663145,0.8087063024648616,0.64
15,6,0.8450453944421972,0.8450453944421972,1.0
5,17,0.713687788633053,0.8371846862337486,0.68
17,5,0.6453431388919613,0.8334419805609592,0.96
11,13,0.8390029993105623,0.8871754718299749,0.32
13,11,0.6758350150821282,0.8389306815997761,0.68
11,12,0.7262171070622265,0.8627255805913767,0.96
12,11,0.7266574155300718,0.8622003680831056,0.72
0,2,0.7580655604856824,0.914951940042369,0.48
2,0,0.7021655981619531,0.8102685786029655,0.16
4,8,0.8501900216113581,0.8501900216113581,1.0
8,4,0.7385993337751293,0.8278875616316551,0.32
6,16,0.8387158239742787,0.8387158239742787,1.0
16,6,0.6533221517987396,0.7966401762605373,0.52
5,14,0.791393387726834,0.8559820798841573,0.96
14,5,0.7022396302027035,0.8048666736216727,0.48
1,19,0.7028901082954986,0.8321778819286294,0.76
19,1,0.6442291393564173,0.8029686469952242,0.8
10,13,0.7809978774902233,0.8525237706958743,0.72
13,10,0.6911064714503878,0.8702521272873922,0.36
15,17,0.7370272111377304,0.860301113665025,0.92
17,15,0.7955960196909381,0.7955960196909381,1.0
9,18,0.6899171723559332,0.8862035089792293,0.56
18,9,0.7085012834406557,0.8024858939638089,0.88
3,7,0.7606485663411025,0.8124877583903303,0.68
7,3,0.7442936068013363,0.8574238588491957,0.92
9,15,0.7551861952957805,0.8147820499492144,0.88
15,9,0.8145316738765871,0.852843620975427,0.44
0,17,0.7009035936653745,0.8892064452884195,0.4
17,0,0.877649368196608,0.877649368196608,1.0
14,18,0.7124798801683611,0.8780434163910907,0.68
18,14,0.7041503307548223,0.8010225901881565,0.36
3,13,0.7487468551968701,0.8584703385312418,0.8
13,3,0.8434354278159416,0.8710040638273939,0.76
6,10,0.6178032081477519,0.8158900685466051,0.28
10,6,0.8637032892851352,0.8900877145384072,0.84
2,12,0.6717300435768647,0.8651738238994682,0.76
12,2,0.6349403224141896,0.8081541985206192,0.68
5,16,0.8067448377871613,0.8952390895930817,0.48
16,5,0.7213644192332496,0.8165265855945016,0.72
4,7,0.573694445179683,0.8678612175968757,0.76
7,4,0.7058871289154228,0.8608154075152502,0.8
1,11,0.7840088523608093,0.8387536450623919,0.96
11,1,0.8386946698058688,0.8800951113533753,0.92
8,19,0.8126890387251651,0.8498178754137037,0.84
19,8,0.6325321989095773,0.8239377764267047,0.84
1,18,0.8106942312684261,0.8498580165514336,0.24
18,1,0.8277306503621364,0.8318374307676029,0.56
10,15,0.7508564679131299,0.8874511637346016,0.12
15,10,0.7995383754754886,0.8718250927606299,0.4
14,19,0.8591020867564243,0.8591020867564243,1.0
19,14,0.7117804989096385,0.7750953187750091,0.64
7,9,0.8203485432395728,0.8485455722204968,0.88
9,7,0.7714584642872087,0.8600234817649332,0.84
2,8,0.852816742112522,0.852816742112522,1.0
8,2,0.8250108710754416,0.8599773860970783,0.76
3,13,0.7931274856921343,0.8106764117741493,0.84
13,3,0.7882624882659569,0.8852883706422869,0.6
0,4,0.7084659116464255,0.8266404522381402,0.88
4,0,0.7703817863395206,0.8471673109641893,0.8
12,16,0.5953056317859675,0.856446670951615,0.16
16,12,0.7511430824294212,0.8729963949038136,0.48
6,11,0.8366646947585018,0.8756152491543153,0.96
11,6,0.7925966023643976,0.8578230394768823,0.68
5,17,0.7048044004319105,0.8594996173559831,0.88
17,5,0.5830302523216442,0.719501634404262,0.88
7,12,0.830399896209502,0.8731792780034349,0.88
12,7,0.7675856123444891,0.839412336558115,0.92
10,11,0.7871945357805402,0.8911833737413805,0.76
11,10,0.7033109779357128,0.8717687276706251,0.72
2,3,0.7447515672344596,0.8401119382997431,0.96
3,2,0.7778585556853264,0.8323766928525144,0.8
8,19,0.735417413745332,0.8651871020379158,0.72
19,8,0.7346995603004846,0.7984183453263505,0.88
13,15,0.8050006151200406,0.8359579242804684,0.8
15,13,0.7339075055403201,0.8423906601030646,0.88
4,6,0.8908669869021597,0.8908669869021597,1.0
6,4,0.87116099582502,0.8818727307342227,0.84
0,1,0.7451951572345267,0.8984953119612173,0.96
1,0,0.6524275418612323,0.7837012114309316,0.96
17,18,0.7089260496696286,0.8261768979886053,0.4
18,17,0.8003070884546787,0.8773169305872326,0.24
5,16,0.8686040364993334,0.887884145521108,0.8
16,5,0.7499944573697904,0.8132303960153647,0.6
9,14,0.7373956165070861,0.8293714652514618,0.48
14,9,0.7416203317030453,0.9118230487420768,0.24
4,5,0.6770934716330881,0.7966637289687483,0.68
5,4,0.6708805903921597,0.862230407357716,0.84
8,16,0.6708231929755494,0.8646925101687651,0.56
16,8,0.6167828459759821,0.764064010527218,0.88
10,15,0.8418700151058711,0.8827473395916561,0.68
15,10,0.7452503556142462,0.8687206301331433,0.84
0,12,0.8014535346227595,0.8610932969827079,0.72
12,0,0.7064026733178866,0.8057386140126575,0.88
1,17,0.7680898881333664,0.8912634269573558,0.6
17,1,0.6651232481696121,0.8712776119046772,0.64
7,9,0.8018696719154903,0.859315874061274,0.68
9,7,0.8736031880232588,0.8736031880232588,1.0
11,19,0.8468275273142851,0.9154040539372161,0.0
19,11,0.7791600293425625,0.7804864125616333,0.92
2,14,0.8472947376975914,0.8472947376975914,1.0
14,2,0.8091117091199441,0.9055130094531532,0.96
3,13,0.8560165007749042,0.8560165007749042,1.0
13,3,0.6363305808122932,0.8530380900952682,0.8
6,18,0.6346930314444087,0.7976530311783767,0.88
18,6,0.7437889593434546,0.8838508815681697,0.76
1,3,0.7748540190249,0.8062004127106096,0.44
3,1,0.6685845144164684,0.8147113867057941,0.92
4,18,0.7423970863588235,0.8492557369211242,0.72
18,4,0.7613887456168912,0.8808027503670746,0.88
8,14,0.731633001200649,0.9109119853068135,0.44
14,8,0.8451690965766563,0.8451690965766563,1.0
2,19,0.6847232579424689,0.7966670190451102,0.88
19,2,0.7332513960413032,0.7999666342949133,0.8
5,12,0.8090214134567564,0.8476219803457818,0.68
12,5,0.6921293077225144,0.8163171473720189,0.72
7,17,0.6369838116197277,0.8566459041112926,0.8
17,7,0.7081607290976308,0.7860576375820848,0.76
0,11,0.8070183664066685,0.8419943360560154,0.72
11,0,0.7656467699815129,0.8881106761648727,0.48
9,15,0.748586174282937,0.8814588811696819,0.88
15,9,0.7393489733432865,0.8506701744990524,0.48
6,10,0.6012576750004952,0.8518682698333093,0.92
10,6,0.8474827906173914,0.8519388774407487,0.84
13,16,0.8547511439337189,0.8832965889877024,0.96
16,13,0.7379455171744574,0.8463817919295586,0.68
1,18,0.8340299301493583,0.8340299301493583,1.0
18,1,0.7006919771806661,0.8425459357682058,0.68
2,13,0.6722471998114263,0.7985387497604379,0.48
13,2,0.8409236100969224,0.8418769059559535,0.8
4,17,0.7392750995955673,0.8226351213922006,0.8
17,4,0.7629423345699979,0.8268377551667774,0.28
7,16,0.7171348317062272,0.8816053927709296,0.92
16,7,0.7649219194298148,0.8666904915243862,0.96
8,10,0.8534158494689983,0.8791560780142517,0.24
10,8,0.7409734799521135,0.8976104992294239,0.52
0,9,0.8283578583596766,0.8930718317898553,0.36
9,0,0.6924157889287463,0.8480132741077087,0.88
6,11,0.6261268966481361,0.8148648618802458,0.92
11,6,0.8000854005431947,0.8669017494022009,0.88
14,19,0.7723718721339161,0.8515368805819987,0.96
19,14,0.6501846583418269,0.8457610292991866,0.96
3,5,0.5728478011225178,0.811667717127424,0.64
5,3,0.5952209468228881,0.8741385085962028,0.68
12,15,0.7897322047530918,0.8536545341750352,0.28
15,12,0.800194500539777,0.850606831664444,0.84
0,12,0.7790775057784227,0.8700924572766885,0.8
12,0,0.6034709932004695,0.8212862424408668,0.36
8,13,0.8377417476570809,0.8991138567265251,0.68
13,8,0.7476715282788593,0.810858282519022,0.88
5,6,0.7735519614554247,0.8837514180452459,0.84
6,5,0.7590096918570427,0.7835204593276122,0.88
4,10,0.6714984933156111,0.778761362571912,0.48
10,4,0.8321426816154445,0.8954921603063563,0.96
1,16,0.8089244366480095,0.8706855330906038,0.48
16,1,0.853217346403604,0.908931486501545,0.88
15,17,0.7438439125651536,0.8372277548386974,0.96
17,15,0.7679140208701735,0.8175844840971891,0.68
9,18,0.7072663336142581,0.8495586118002532,0.76
18,9,0.75241209188931,0.8458997251806031,0.8
3,14,0.6732682424736811,0.7884487291996632,0.76
14,3,0.777737597686033,0.8471171384293559,0.76
11,19,0.7439447533846305,0.8628567288300726,0.88
19,11,0.6749475406346651,0.7902819296326473,0.4
2,7,0.6453976789546791,0.822601215683509,0.88
7,2,0.7926787940141574,0.8655048075357593,0.84
6,19,0.7766941588999914,0.8440909661224009,0.64
19,6,0.6122393953454162,0.8121925960913569,0.88
3,14,0.7796875601014399,0.8527277508032356,0.72
14,3,0.8766705682156719,0.8766705682156719,1.0
0,9,0.8119321724943637,0.8865198924540044,0.76
9,0,0.7765192859121124,0.8550373478565023,0.96
15,16,0.7685204272748964,0.8670142933534726,0.8
16,15,0.6524295785694643,0.8680291336661474,0.68
1,11,0.8302681445006808,0.8302681445006808,1.0
11,1,0.8445848544057842,0.8445848544057842,1.0
5,7,0.7204418428680343,0.8445833309091311,0.6
7,5,0.802360326717268,0.8861914120517642,0.88
12,13,0.8866595907344623,0.8866595907344623,1.0
13,12,0.7613235896998263,0.8483123131178081,0.36
4,17,0.8421318459201137,0.8421318459201137,1.0
17,4,0.8279541810847613,0.8819833568866287,0.88
2,18,0.7968598084323613,0.8273175616492955,0.88
18,2,0.8620332251426026,0.8620332251426026,1.0
8,10,0.8069014142010265,0.8705252552907023,0.92
10,8,0.8515845821908797,0.893229743373747,0.76
13,15,0.739344216510465,0.8674141287335468,0.72
15,13,0.813989884533639,0.8535512472636038,0.64
0,7,0.7878534542392547,0.8986548274898359,0.96
7,0,0.7154456974432932,0.9159307200047391,0.92
18,19,0.763506446576552,0.7926645256291509,0.8
19,18,0.6696346975169765,0.7462128022191974,0.72
4,14,0.7586397396141605,0.8564908470626618,0.4
14,4,0.6878568509094023,0.8432023862721607,0.68
10,17,0.7953316662207132,0.846185410360843,0.48
17,10,0.7468313498687704,0.9009621357259249,0.8
5,9,0.7326338021989769,0.8659172257349391,0.28
9,5,0.8153038710010501,0.8330948679634617,0.92
1,12,0.8047077546966392,0.8611214809479273,0.84
12,1,0.7985827203907492,0.8538711998236043,0.68
8,16,0.7928940937343067,0.8571028579910742,0.6
16,8,0.8178297179464904,0.8178297179464904,1.0
6,11,0.7768732113086692,0.8037544434111572,0.92
11,6,0.7407544902528603,0.8708043395672261,0.72
2,3,0.7103992365270109,0.8689886396574871,0.64
3,2,0.7366370050381936,0.8703116006730488,0.96
5,13,0.6769826097646209,0.8728633453504582,0.68
13,5,0.7709490054085388,0.8855464173765599,0.8
3,17,0.7727025468390403,0.8427856229133803,0.96
17,3,0.7650961544650545,0.8455516781897773,0.96
1,19,0.7357764791035676,0.8747995669954935,0.88
19,1,0.7661407014622966,0.7661407014622966,1.0
11,18,0.6170209698628086,0.8472027871858965,0.16
18,11,0.716750946787245,0.800967757861115,0.72
4,8,0.76154277832377,0.7672770723024028,0.84
8,4,0.8510698996627578,0.8799251126890322,0.56
0,9,0.7041842789321999,0.8905162362284547,0.6
9,0,0.8836018086158693,0.8836018086158693,1.0
2,6,0.8731752636105415,0.8731752636105415,1.0
6,2,0.7462220709068944,0.9014567354026128,0.92
7,12,0.744968185618682,0.8022967075057622,0.92
12,7,0.6681001587596929,0.8159578785283064,0.56
14,16,0.7328658862300794,0.8826180058858517,0.96
16,14,0.7966984357775722,0.8614412306693404,0.52
10,15,0.8604328040107966,0.8881034957617988,0.68
15,10,0.6978549782646027,0.8732707496934292,0.88
0,3,0.8815886202647201,0.8860605540800582,0.6
3,0,0.5886890285362606,0.7908159329915454,0.92
1,18,0.8770450768660449,0.8770450768660449,1.0
18,1,0.7558350972654103,0.8203305106267568,0.96
10,14,0.8021675059639453,0.9057981629607623,0.68
14,10,0.7290901526778675,0.784377064701334,0.72
6,7,0.7219425603774032,0.8780762744049889,0.36
7,6,0.7684247691526593,0.8286286000515304,0.64
5,9,0.8901914358739502,0.8901914358739502,1.0
9,5,0.7128880132558465,0.8623875183397386,0.88
12,15,0.654697486307582,0.8545762187286824,0.64
15,12,0.8115819896167489,0.8790983324494004,0.64
11,16,0.8168315381987139,0.8621491299379918,0.96
16,11,0.7829483153562189,0.8572944617579431,0.92
17,19,0.7591509912212953,0.8648535070251133,0.92
19,17,0.7044158227616311,0.7347454563256448,0.52
4,8,0.5918840680870003,0.8226540057581249,0.92
8,4,0.8149551410360383,0.8694952094021341,0.96
2,13,0.7027662756395809,0.8177721811129597,0.8
13,2,0.6079329930546286,0.8562795692134422,0.76
0,9,0.7858344509961217,0.8605225196566006,0.48
9,0,0.8076626172484943,0.8643883424335564,0.64
5,7,0.7654787964730176,0.8560748408098207,0.8
7,5,0.6589119522336737,0.8212058388426842,0.96
12,18,0.8353328813188347,0.8433248145534347,0.6
18,12,0.7453590800835134,0.8800273584723746,0.28
8,10,0.7881030355859822,0.9062565337251473,0.4
10,8,0.7556787164279299,0.9172774626560667,0.32
2,16,0.8831714401533037,0.8831714401533037,1.0
16,2,0.6429590744191314,0.7917948381301824,0.64
4,19,0.7799041361557604,0.7799041361557604,1.0
19,4,0.5934785124592918,0.8157905020420895,0.96
14,15,0.8711323141310888,0.9032777991647019,0.6
15,14,0.8587307827218027,0.8587307827218027,1.0
6,11,0.7672582351116694,0.8676470240302866,0.88
11,6,0.8715664624373074,0.8841345125560366,0.8
1,13,0.6791595803096969,0.8469544615018586,0.64
13,1,0.7072733151312866,0.8539995064785103,0.28
3,17,0.779846644589654,0.8033308694410477,0.64
17,3,0.5526972973571149,0.8320345400123502,0.72
1,10,0.8636134078441712,0.8636134078441712,1.0
10,1,0.8732430625559162,0.8879745576799619,0.68
3,13,0.8141350702938863,0.8882706312711257,0.8
13,3,0.7236602418505951,0.8462889462742182,0.72
5,6,0.7782330837368707,0.8675945071976914,0.84
6,5,0.8088946426511578,0.8539605346934304,0.92
12,15,0.777198906899933,0.8648990007483557,0.28
15,12,0.7452341478526507,0.8664515290814572,0.88
4,18,0.8111662540277121,0.8216062081972852,0.44
18,4,0.8470291678017432,0.8806859845239334,0.72
2,9,0.8738818776077121,0.8738818776077121,1.0
9,2,0.8086463243188889,0.8086463243188889,1.0
0,16,0.6742130754318475,0.8801049561380557,0.8
16,0,0.6782182295776545,0.7976378675893571,0.96
7,8,0.739355125097337,0.8311274317608504,0.68
8,7,0.7537656712182267,0.8643799432683279,0.72
14,19,0.8136509790804883,0.8588270952091392,0.64
19,14,0.7997598397328307,0.8608098088987433,0.88
11,17,0.8230127568019533,0.8498395073548837,0.84
17,11,0.6729965600466438,0.8774568890888557,0.92
1,4,0.7944075316530699,0.8850672915692813,0.48
4,1,0.6811330706876829,0.8085363592253177,0.88
5,19,0.659476215671246,0.8366369484035252,0.2
19,5,0.6786774828200435,0.8196005681351028,0.92
0,15,0.765437291155987,0.8960230923290204,0.64
15,0,0.700418586012209,0.8586358127089833,0.88
16,17,0.6832691370815642,0.8366898739203089,0.92
17,16,0.5465057133813228,0.860992101826368,0.84
2,11,0.6616607790116507,0.8548406664776493,0.72
11,2,0.6811882006858541,0.8873687228400261,0.6
6,12,0.8044296047144688,0.8329661437576285,0.52
12,6,0.8052302546504595,0.8331137191593964,0.88
13,18,0.5123497063967593,0.8790733133624326,0.88
18,13,0.6980918142357341,0.8650742638954361,0.68
9,14,0.6805734364974729,0.8839298159375968,0.96
14,9,0.7925318751260313,0.910170435514652,0.72
3,8,0.7978250051185245,0.8479738933947653,0.8
8,3,0.8173588950388654,0.871747805157244,0.92
7,10,0.7864615218654177,0.8399170239542129,0.96
10,7,0.8201562385884777,0.8934339917119385,0.36
2,8,0.6176663499741671,0.8125108154878212,0.72
8,2,0.7879380927640293,0.8771903713989783,0.84
0,15,0.8535008999305628,0.8804743210703695,0.84
15,0,0.8568356518141812,0.8568356518141812,1.0
11,16,0.6564798842948818,0.838141557324618,0.76
16,11,0.6291917930823004,0.7740130937248335,0.56
9,17,0.7770868038512442,0.8345236506996254,0.64
17,9,0.7734277817069305,0.8554901626213487,0.48
1,4,0.8435660608986447,0.8439023388389018,0.72
4,1,0.6683605628680607,0.7858029446506511,0.88
10,18,0.8942209798559622,0.903946270055779,0.84
18,10,0.7465929265962965,0.8659538276783021,0.52
14,19,0.827972273146588,0.8623433232763874,0.76
19,14,0.8062954137922909,0.8062954137922909,1.0
3,7,0.7079026448832033,0.8763599611597126,0.76
7,3,0.5696742062952512,0.872498828547287,0.84
6,13,0.630089605774315,0.8748458476882186,0.96
13,6,0.7951423085602299,0.8455043854792997,0.64
5,12,0.8498934791680555,0.8772496962136584,0.88
12,5,0.8081478172912222,0.89879676338237,0.76
7,10,0.8301728031831381,0.8589346935974733,0.96
10,7,0.8441329801538962,0.9102658816226162,0.72
13,17,0.8140047274919302,0.8309824581946479,0.24
17,13,0.8436218078003968,0.8799219002643562,0.48
4,8,0.7545513103458446,0.7778576125413572,0.88
8,4,0.7235852198603258,0.84837615625175,0.6
0,5,0.7423667170800601,0.8612556795010426,0.76
5,0,0.8347042755390349,0.8938509266168078,0.96
3,9,0.8615268744078733,0.8615268744078733,1.0
9,3,0.8313940414109544,0.8579247349971391,0.8
15,18,0.7588371416764217,0.8617509916240668,0.56
18,15,0.7053192563223536,0.8938262827162939,0.8
6,11,0.7591459930757419,0.8617868567854332,0.88
11,6,0.7793556498242701,0.8620890976503691,0.72
2,14,0.7995006071645905,0.8888184354944724,0.96
14,2,0.8377169910704756,0.8781576654128793,0.64
1,12,0.7348131330134119,0.8631924412589063,0.92
12,1,0.7854000696834257,0.9029125595570608,0.92
16,19,0.5576062646163753,0.8142616281297702,0.84
19,16,0.6244279695661923,0.8397630318760637,0.84
